isValid,review
-1,客服非常专业、热情、素质高。这次购物很愉快。快递也不错
-1,质量非常好。手感也很好。包装也非常精美！物有所值！
1,简单，颜色也跟图片上一样，没色差。很满意哦。
1,衣服收到了，就是面料有点太薄了，儿子穿着样式还可以，要是厚一点就好了，不知道起球吧？
1,还可以，就是物流慢了点，更可气的是快递公司既然给我送丢了，居然是我自己找回来的，我也是醉了
1,穿着有点不舒服，号买小了，挺好看的，就是太薄了，不适合现在穿
1,不怎么样，味道也很大，还薄，荷包也是向后的
1,还好！没有什么好说的！太薄了！我以为白色的是布！那又不是布！以后洗多肯定会退色的！
1,衣服我可能买小了一点，穿起来有点儿短，而且很薄
-1,挺好看的，显瘦，物流超级快，客服态度也很好。
-1,版型很好，上身很显瘦，我这身材难得买到合适的衣服
-1,衣服收到了，很漂亮，穿着很舒服，显得特别有气质，
-1,衣服质量很好，穿在身上很舒服，很合身，喜欢
-1,非常满意！本来只是抱着买来试试看，反正便宜的心情，万万没想到，是我希望买到的打底裤类型，不用多说了
-1,质量非常好，发货速度快，客服服务态度好，版型好，
-1,衣服面料很舒服，版型也不错，价钱友便宜，值得买
-1,衣服很漂亮，大小合适，款式漂亮，没有色差，价格实惠
-1,衣服很漂亮，店主也蛮好的，下次还会观临本店。包装好，物流快。
-1,衣服穿上大小合适，做工也很不错，衣服布料用的很足，实物跟描述的一样，很满意！
-1,衣服收到了，质量非常好，穿在身上效果很好，和卖家描述的一样，满意。
-1,衣服很好，质量也很好，价格又便宜，穿上也很合适，客服服务也好，这次是很美好的一次购物
-1,宝贝已收到，和卖家描述的完全一致，卖家服务很周到，整体来说非常满意。也是一次很愉快的一次购物。重点是宝贝超给力的
-1,挺好的，物流很快，客服挺好，很喜欢，没有异味，布料也很喜欢
1,"百搭的外套，柔软，舒服，质量很棒。客服的服务态度很好。总之很满意"
1,换成红色的了，感觉红色的好看，非常棒，满意
-1,"东东8错，质量很好，贴身穿也很舒服，很棒！"
-1,做工挺细致的 没有线头之类的 穿着正合适 很满意
-1,衣服做工还是可以的，没有什么线头，面料柔软舒服，价格实惠，厚度正是我想要的
-1,非常好，质量好，掌柜服务态度也非常的好，大大的赞一个～ 很好
-1,很喜欢，质量也很好，穿着漂亮又舒服，价格实惠，很满意
-1,"性价比很高，我很满意 很满意的购物，物流好给力 赞一个评价5分"
-1,宝贝很好，我们家其他的人都看了都说很好，非常的棒，下次还会关注的饿哦。
-1,衣服比我想象中的好，穿在身上很舒服，穿上很合身，，版型很正，厚薄合适，衣服颜色正，做工精细
-1,衣服很好！穿着很舒服！还有小礼物！以后还会关注！
-1,今天刚到试穿了一下，非常满意，喜欢极了，下次还来
-1,这件衣服挺好的，质量也好，我穿着试了一下，都好
-1,同事介绍买的，一看就是不会起球的料子，非常完美，这衣服好的没毛病！！
-1,棉质很厚实，质量真的杠杠滴，给我带来的惊喜，穿起来特别显年轻
-1,宝贝很满意，手感也好，款式新颖，瞬间年轻十岁，快递也给力
-1,第二件了呢。。好看。。真喜欢。。衣服料子很好。。很舒服。。现在穿正好。。快递小哥有点帅哦
-1,宝贝收到以后超惊喜，质量很好，上身效果也非常不错，总之就是棒，赞赞赞
-1,物流很快而且 面料真的很舒服！！！ 摸起来真的很舒服 这点还蛮惊喜的  这个价格挺合算的
-1,物流很快，实物和描述的一致，质量很好，很合身满意
-1,衣服很赞，特别是面料，含棉量应该很高，青春活力的~
-1,很好，质量很好，包装结实，发货速度，价格美丽
-1,上身效果非常好，质量很好，还一直关注的，满分
-1,卖家服务态度好，质量蛮好的，就是自己太胖了
1,很满意，只是模特穿上更性感时尚一些?物流快，质量也好，就是买大了，嘿嘿！
1,衣服打开好大一股气味，看起质量还可以，大小也合适，就是气味大
1,商品质量一般，没想像的好，服务差，买了两件只给寄了一件，京东的东西不能买
1,衣服容易沾毛，并且洗过两次以后衣服就褪色。黑色的衣服上满是灰白色的条纹，掉色太严重了，以后再也不相信京东了，失望！！！！！！！！
-1,衣服很漂亮，穿着也很合适，颜色跟图片描述的一样，质量还可从。
-1,质量很好， 质量很好， 质量很好， 质量很好， 质量很好， 质量很好，很喜欢
1,这套面料穿在身上蛮舒服的，冰冰的，尺寸比一般的小了一点，比较合身，不是宽松版，总体上身效果不错。
1,衣服穿上很漂亮，而且卖家态度也很好，当时拍了一件穿着有点紧，卖家直接免费给换了一件，穿上朋友都说好，下回还会来的
-1,已经是第二次购买这家的衣服了，穿上也很大气高端
-1,和图片效果一样，不用再犹豫了，想买的快着手吧
-1,不错，与描述的一个样！大小合适，质量不错。值得推荐
-1,衣服刚刚收到了，物流很快，衣服质量不错大小刚合适
-1,衣衣收到了，物流很快，和描述一样，款式做工都不错
-1,穿着很舒服，大小很合适，质量很不错，物流很快的
-1,打开一看就很满意，料子也好，大小也好，快递也快，满意，穿着很有气质，有点胖的人穿应该也可以
-1,衣服非常好，大小合适，料子很好，穿上很舒服，也有气质。
-1,衣服大小合适 质量不错 穿上很舒服 很喜欢
-1,宝贝收到，质量不错，大小正好，穿着舒服，是一次满意购买。
-1,质量不错 穿上很舒服 大小合适 款式漂亮 卖家服务态度好 发货快
-1,衣服质量很好 穿上大小合适也很舒服 物流也很给力
-1,做工精细细节处理的很好，店家服务态度很好，满意
-1,质量不错，是我想要的款式，大小合适，值得购买！
-1,非常满意的一次购物，下次需要还会再来，全5分
-1,大小合适，有喜欢的朋友可放心购买 服务态度也很好 穿上很显瘦，推荐大家购买
-1,大小合适，款式时尚大方有档次，物有所值，个人非常喜欢
-1,面料质量不错，穿着身上效果特好，版型非常修身的，尺码正好，店家服务态度很好，很满意
-1,质量不错，很满意，样式也很好。与描述的一样。
-1,掌柜的服务态度真好，发货很快。商品质量也相当不错。太喜欢了，谢谢！
-1,质量不错，穿着也挺合适的，还便宜，物有所值！五分好评
-1,超好看的运动套装，好百搭显瘦~~质量很不错，摸的就舒服，颜色很好看！款式时尚！朋友们见了都说好，特别的漂亮~~美美的，
-1,衣服很好看，很显瘦哦，出去玩，穿上很舒服，超级喜欢啦。
-1,挺好看、不错！料子很舒服、整体做工挺好的！
-1,衣服面料很好，厚度也刚好，款式显瘦很合适，大爱！
-1,衣服上身效果很好，穿着也很舒服，物流也挺快的，推荐！
-1,衣服版型不错，上身效果好，面料柔软，手感也好
-1,质量不错，很软，厚度这个时间穿刚刚好，轻便舒服
-1,收到了衣服棒棒哒好看料子乜舒服这天穿刚刚好休闲又时尚
-1,运动服真的很好，我很喜欢，质量夜挺好，还怕穿着不好看，真是多余担心了
-1,衣服挺好的，上身效果也不错。服务态度好，物流挺快的
-1,收到衣服 我就迫不及待的试了试，感觉还好，穿上合适 料子也舒服
1,挺漂亮的一套衣服。穿着很宽松。主要是在家里带孩子穿着舒服。
-1,衣服上身效果挺好，穿着也舒服 ，尺码穿着正合适
-1,穿上身挺好看的，质量也不错，厚薄适中，春天刚好
-1,衣服上身效果挺好，穿着也舒服，客服介绍的码穿着正合适
-1,质量很好，没有色差，很合身，穿起很舒服休闲，美美的
-1,衣服质量不错，没有色差，穿着大小合适，很舒服，很喜欢
-1,手感柔软，棉质细腻，朋友已经问我要走链接了&hellip;&hellip;，想买的妞儿，不用犹豫了&hellip;&hellip;
-1,面料柔软，衣服穿着舒服、合适，薄款，适合春天。
-1,质量和款式都不错，很漂亮，穿着很舒服，美美哒，以后会多光顾这个店，希望多多优惠
-1,上身效果不错，质量也很好，我穿着正好，有活力。同事都说穿着好看。
-1,衣服上身效果非常棒，裤子穿着挺显瘦，值得大家参考一下
-1,面料感觉还不错，穿着感觉挺瘦的，物流也挺快的，喜欢。
-1,穿着很舒服，软软的，很宽松，款式很显瘦，很满意
-1,我穿着刚好合适，质量还不错，款式简单好看容易搭配，做工挺细致的，没有线头，重点是我朋友说我穿着好看，还能说什么呢，必须五分好评
-1,满意的网购，颜色好，款式好！客服态度好！物流快
-1,质量很好，与卖家描述的一样，摸起来很舒服，很柔软，穿着正合适!真是太实惠了
-1,第一眼就喜欢这款，料子虽然不是厚实版的，到穿着特舒服。喜欢的抓紧
-1,衣服很不错，质感很光滑，这个价位也是物有所值！款式也挺时尚
-1,衣服不错，布料很滑。颜色也很正，没有色差。大小也合适。一切都OK。
-1,衣服是棉的 ，款式也挺好看的，很喜欢的，同事都问我在哪买的
-1,宝贝颜色不错，料子好，穿上很舒服，大小合适，时尚大方，满意
-1,挺好的，我挺喜欢的，买了很多他家的衣服。穿着很舒服，料子也好
-1,很喜欢，今年很流行的运动风，面料款式都很赞。终于买到一套喜欢又合适的衣服了。
-1,穿着很舒服，面料很柔，是宽松的版行，夏天穿着比较透气。质量做工都很好。
-1,尺码刚刚好，上身效果非常好，面料很舒服，做工也不错，没有什么线头的
-1,衣服款式时尚，穿上也很舒服，面料不错的，满意的结果
-1,宝贝收到，很满意，质量很OK，码数刚刚好，穿着很舒服，下次一定在光顾贵店，好评?5星！
-1,衣服做工满意，线头很少，面料也很舒服，试穿了一下，挺有型，关键这价钱，性价比很高，好评是必须滴！
-1,衣服已收到，质量挺好的，做工很细致，保暖性很好，穿着也舒服，面料也不错， 物美价廉，非常满意。
-1,衣服质量挺好的，摸着很舒服，穿上也舒服，一到家，我就试了一下，很好
-1,摸起来质量不错，不知道穿着怎么样！不过第一眼挺喜欢！
-1,宝贝真不赖，感觉面料挺不错的，手感也好，穿上后感觉大小刚刚好
-1,衣服收到后很满意，很厚实，穿上很保暖，下次还回光顾哦
-1,挺厚实的，穿起来很软，很舒服，宽松版的，还不错
1,质量真是好，不掉毛，也不扎人，水洗了也不掉毛毛，拿到手很厚实有分量，很保暖，主要百搭
-1,不错的一次购物，一直担心质量不好，终于收到质量蛮好的，也很合身，喜欢的美美赶紧下单吧！
1,质量不错，几乎没有什么线头，挺厚实的，穿上很有型，
-1,质量绝对正品，这个价格好划算了。保暖，轻柔，天气再冷点非常适合。
-1,东西已收到，质量很好，不错，卖家服务态度又好，赞个
-1,收到了，质量挺好的，面料摸起来很舒服，做工也非常精细，款式很新颖，穿上去很时尚显瘦显高
-1,质量绝对正品，这个价格好划算了。保暖，轻柔，天气再冷点非常适合。
-1,衣服没有色差，质量也不错，这个价格买三件套真的很划算！还不错，总之很满意！
-1,穿着很合身，我还是挺喜欢的，面料也不错，价格也实惠，不错！
-1,店家发货很快，衣服穿上很大气，质量不错，面料手感也很好，很满意
-1,最近天气老忽冷忽热的，下手备一件，再降温了就不怕没得穿了。试了下很暖和，下水了没退色。
-1,颜色还挺不错的，没有色差，样式也好看，厚薄刚好，适合这个天气，主要穿上舒服
-1,做工精细，跟图片描述的一样，没有色差 布料不错，挺厚实的
-1,很讲诚信的卖家，面料不错，纯棉质量，穿上很舒服，款型穿上也好看，赞一个
-1,质量好，面料舒适，码数合适，发货速度快，客服态度不错，还会光顾，满意
-1,质量很好，面料不错，手感特别舒服，穿上挺有气质，大小合体，还会再次购买的
-1,衣服质量不错，款式也不错，好看，收藏店铺下次还会光临。快递也给力。好评！
-1,很不错哦，物流给力，宝贝面料舒适，无异味，很喜欢，还会光顾
-1,面料不错，颜色很好，质量真心不错很满意好评
-1,非常满意，面料不错，舒适透气，质量很好，卖家服务态度好，物流快！
-1,款式很好看，质量摸上去也是很不错，穿着很舒适，满意
-1,衣服做工很好，料子也不错，平整有型，穿上很酷
-1,颜色是很正的，厚厚的很保暖，价格也不错，满意
-1,面料很厚实，保暖不错，尺码很标准，面料也不错
-1,很惊喜，物流好快，没几天就到货，包装不错，宝贝很好看，
-1,宝贝收到了，真心的好，质量特别棒，我老公穿上特合适，谢谢卖家，态度很好，物流也很快
-1,很快就收到了，和描述的一样，做工很细致，质量非常好，穿着很漂亮，很舒服，非常喜欢， ，还有很满意看大家的评价都还不错。外型和质量目测都不错
-1,很好很不错，非常喜欢， 没有色差，挺满意 的 　
-1,衣服没有色差，质量也不错，这个价格买三件套真的很划算！还不错，总之很满意！
-1,三件套的套餐，质量很好，做工精细，面料柔软舒服，大小合适，满意。
-1,质量不错，几乎没有什么线头，挺厚实的，穿上很有型，
-1,很惊喜，物流好快，没几天就到货，包装不错，宝贝很好看，
-1,颜色是很正的，厚厚的很保暖，价格也不错，满意
1,主要是样式很好看，没有起球，冷水洗过了，没有发现褪色
-1,质量特别好，号码准确，发货物流快，很满意，谢谢。
-1,很好的一件，料子很舒服，又不透，价格也很便宜，满意
-1,真的很不错，质量好，颜色正，穿上很合身，样子新颖，卖家很实在
-1,衣服很好，很适合，没有色差，穿起来也很舒服，布料很好，物流超快，很满意
-1,衣服质量很好，并且没有异味，颜色和图片上的很吻合，造型不错
-1,"我只是网购的消费者，原本有很多顾虑，担心货到不好，我信你一回，但是收到货后，衣服真的不错，穿起来很舒服，以后认定你了，老板，祝你生意兴隆了！"
-1,衣服真的很不错，质量很好的，面料也很舒服柔软
-1,真的很不错，质量好，颜色正，穿上很合身，样子新颖，卖家很实在
-1,面料手感很好，软软的，这个价格超值的，上身效果还不错的说
-1,很讲诚信的卖家，面料不错，穿上很舒服，款型穿上也好看，赞一个
-1,衣服没有色差，质量也不错，这个价格买三件套真的很划算！还不错，总之很满意！
-1,穿着休闲 又显瘦 卖家服务态度也好 觉对给好评
-1,衣服收到 了。穿起来蛮舒服的。质量不错，掌柜人不错，服务很算不错的。
-1,这款我亮，常满意，质量好，面料很好，挺暖和的，不错！
-1,东西已收到，质量很好，不错，卖家服务态度又好，赞个
-1,不错，很好， 发货的速度也很快， 卖家的服务态度也很好 好评
-1,衣服收到 了。穿起来蛮舒服的。面料不错，很划算！
-1,衣服质量很好摸起来手感也不错穿上感觉美美哒
-1,真的很超值，质量很好，是软的那种，真的是物美价廉！喜欢的亲快点下手吧！
-1,真的很满意，颜色也很正，客服推荐的码子也很合身，本来想买其他颜色的，衣服太抢手了，付款的时候都没的挑了，还好这个也很不错！
-1,衣服很好，很合身，面料很软穿着舒服满意，物美价廉，没色差，挺喜欢的！
-1,很合身。面料很柔软。穿上很修身，这款是情侣款的，我们穿上去，他们都羡慕妒忌恨了！
-1,宝贝与店家描述的一致，质量非常好，做工精细，面料不错，样式很大方，穿起来很有型，很显瘦，一下子年轻了不少。
-1,穿着很舒服 活动价实惠 面料不错的 很满意
-1,质量超好，比想象中的更满意，衣服厚暖和，挺适合孩子穿的。
-1,样式不错，料子很舒服，颜色很鲜艳好看，而且不会褪色。
-1,很厚实，双十一买的，价格还可以，店家态度很好，忘写男装还是女装了，还打电话来询问，以后搞活动还来你家买
-1,衣服质量很好，面料手感好，保暖性好穿起来非常暖和，款式新颖
-1,衣服质量不错滴，面料很舒服，老公穿上很帅气，非常喜欢！
-1,衣服不错，面料很舒服，刚刚好，客服服务很周到
-1,套装的面料轻柔舒适，很适合现在的季节，衣衣时尚 休闲，还有朋友要的！
-1,质量很好，有质感，是那种不会起球的面料，搭配穿也挺好看的
-1,是买给老公早上晨跑穿的。很合身，价格实惠，质量好，快递也挺快
-1,物流超快，店家服务好，衣服款式新颖，穿着舒适，特有运动范。
-1,快速速度挺快的，服务也好，衣服和裤子都挺好，穿着也舒适，逛了好多家，还是这家比较满意。
-1,衣服质量很好，物流很快，颜色就是没有图上那么鲜艳，不过好好不影响，
-1,穿着舒服，质量还不错，比想象的还要好的，物流快
-1,厚实保暖性很好 做工精致漂亮 不气球 面料很舒服 尺码正 服务非常好
-1,这款衣服的质量挺好的版型也不错，颜色也蛮正，没有一点色差的感觉
-1,非常满意，穿起来好暖和啊！又显瘦。运动起来又很轻便。
-1,真心好看 又简单 里面有绒绒的 摸起来舒服也保暖 刚好一身
-1,无色差，做工精细，面料柔软，针脚平整，简直是大爱！毫不犹豫收藏了店铺，以后会常来的！
-1,超快，衣服样式很新颖，给姐姐买的，穿上漂亮，面料也很好，赞！
-1,衣服很不错，三件套很实用，妈妈很喜欢。样式和颜色都不错，没有起球的啊，也没有色差，还担心货的质量，真是闲的没事干了，下次再来买哦
-1,衣服款式新颖，质量不错，大小合适，布料厚实，包装好，没有色差，物流快服务好，物有所值，值得购买。 满意
-1,这款运动服样式美观、做工精细、面料考究，穿着得体、舒适、漂亮。卖家服务好，物流速度快。
-1,我买的三件套收到啦！挺满意的，挺好的，谢谢，我们的合作，下次合作愉快。
-1,的确发货很快，收到试穿了一下，穿着很舒服，款式新颖时尚.快递很快，后来我拿去洗了，放进洗衣机洗的，没掉色，也不起球的，质量是 不错的哦，赞赞
-1,非常棒，衣服合身，质量不错，价格公道！服务不错！超赞
-1,非常满意的一次购物，面料厚实手感是棉的，老公穿得很舒服，显年轻，保暖性强。冬天运动不愁。
-1,衣服质量很好，很厚实，穿着很舒服。颜色也正，爸妈很满意。
-1,衣服很不错，款式也很漂亮 ?穿着挺美，不错。
-1,不错非常喜欢，老公大爱哦，物流也很快，双12拍的，价格优惠，还会光临
1,衣服质量好好，连线头都没有。不错。料子很舒服。颜色也很棒
-1,可以可以！很好，料子很舒服，同桌说我穿的很好看，就像年轻了许多岁数一样，总体说还是不错的。
-1,真心的好，穿着很舒服，也比较厚实，这种天穿正好，下次还会再来光顾的！还有补充一句，商家服务态度特好！
1,很好看，面料很舒服。不会很薄，这个季节可以单穿。洗了一次，没有起球。嘻嘻感觉很划算！男朋友说我穿上很可爱～好
-1,衣衣质量很好，厚实，版型也很好看，由于事先没有和卖家沟通，自己拍了L，结果太大了，收到之后和卖家说了，很快就给换了M码，服务很好
-1,我在这里要先谢谢卖家，我想换一下衣服的型号，卖家很爽快的就答应了，并且帮忙办理了！东西到了两天了，回复的有点晚了。东西很厚实，手感也不错，质量很好，很满意的一次购物，下次还来，非常满意！很喜欢
-1,买了两件衣服，很不错，性价比高，小孩很喜欢，色彩手感都很满意，以后会经常光顾！
-1,衣服很好，挺厚实的，质量超赞，细节也很好，真的超值啦
-1,这款衣服我是老顾客第三次买了，上半年买过两套那是秋装没加棉的这次买的是冬装有加棉的质量很好，所以再买一套冬装有加棉的面料柔软是全棉的不褪色不变形也不起球款式好看值得放心购买！
-1,朋友推荐的，活动买嗯很划算，面料非常厚实，做工也好没有线头，一看就是好衣服怎么这么便宜呢，谢谢老板。还来买
-1,没有难闻的气味。 做工不错哦，摸上去挺舒服的，收到很满意。 偏厚，挺厚实的。 跟图片上的秒数一样，基本没色差。
-1,衣服不错，质量很好。很合身，天冷了，正好穿上！很好的店家，强烈推荐
-1,衣服和漂亮，女儿很喜欢，面料舒服，没有异味。买了三件，都不错。
-1,质量灰常好，比较厚实的棉，穿着很舒服，出乎意料啊
1,不得不说，真的太好看了，显得我特别小清新，而且面料很柔软，一点不扎扎，超级喜欢，买的人都会变美喔
-1,特别棒！摸起来有手感，用料不错哦，应该不会容易起毛的
-1,衣服收到了，发货很快，质量也很好，穿着很舒服，不错不错。
-1,衣服收到了，质量不错，款式也非常好，很喜欢！
-1,宝贝收到了，质量不错，很漂亮，快递也给力，面料很舒服呢。
-1,衣衣收到，版形好看，质量不错，物流也快，好评.！
-1,衣服质量挺不错的， 很有质感， 穿上朋友都说好看， 很喜欢。
-1,衣服质量不错，手感很好，面料不错，颜色也很正，商家态度点赞。
-1,第二次购买了， 卫衣质量很棒 ，穿上很舒服。
-1,东西收到了，面料很舒服，质量不错，超值，推荐购买！
-1,颜色不错和图片的一样，款式也漂亮，面料也很好
-1,衣服收到了，很好，质量不错，快递很给力。客服也很好，赞。
-1,质量不错，布料摸上去也舒服，做工也很精细，喜欢
-1,衣服收到了，很好，质量不错，值得购买~喜欢，好评了~！！
-1,宝贝收到，款式很喜欢，质量不错，手感也很舒服！
-1,穿着很舒服，质量很好，价格实惠，还会再来的。
-1,老婆很喜欢，穿上很舒服，款式很时尚，值得推荐。
-1,衣服质量不错！穿上很舒服！值得购买的一款衣服！还在观望的赶紧下手咯！
-1,衣服很漂亮，穿上很舒服，质量不错，很喜欢，都说穿上有气质。
-1,衣服收到了，很好，质量不错，快递很给力。客服也很好，赞，~
-1,衣服质量不错，跟图片一样好看，穿的舒服真的很不错
-1,物流真快，帮朋友买的，朋友很喜欢，价廉物美，质量不错，服务态度好，满分。
-1,质量很好，发货很快，衣服很舒服，颜色好看无色差，价格实惠，真的是物美价廉。
-1,好漂亮呦！面料很好，穿上很舒服，做工也很精细，款式很不错，喜欢
-1,很好看的 然后质量很好 比想象中的好很喜欢呢
-1,衣服收到了，上身效果挺好的，穿上很舒服，衣服有弹力，还不错，满意，5分。
-1,卫衣不错，穿上很暖和，颜色也很正，下次还来。
-1,衣服很不错，款式也很新颖，穿上很舒服，价钱很合理，商家服务态度很好
-1,不错比我想象中的要好，版型穿出来很修身，不错值得购买
-1,\n面料不错 摸着好舒服 穿起来特别有皮质 显身材呢
-1,质量很好，做工也很精细，面料挺不错的，很适合。
-1,衣服不错，版型，颜色超好，值得给大家推荐，衣服穿起来很有气质，很厚实。
-1,颜色不错，跟图片一样，质量也非常好，穿上不会起球，也暖和。
-1,颜色不错和图片的一样，款式也漂亮，面料也很好
-1,质量不错 款式很漂亮 上身很不错 颜色无色差
-1,颜色正，款式也不错，质量也是杠杠的，超喜欢！下次还来
-1,质量不错，面料很舒服，版型也很好，很喜欢！
-1,质量不错，很合身，面料很柔软舒服，很值这个价
-1,还可以，我老婆很喜欢，穿上特别漂亮，赞一个。
-1,衣服收到了，质量不错，物流挺快，卖家服务很好
-1,质量不错，穿起来也好看，和描述的一致，发货快，不错
-1,很棒的衣服，手感也好，穿着舒服，现在来穿刚好，能买到这样的衣服很不错，好评！
-1,发货速度快，大衣质量很好，款式漂亮，上身效果很赞，非常喜欢
1,质量太一般，布料很薄，裤子穿了会起球的那种，真的是一分钱一分货
-1,不错不错，这个价钱买的这个衣服非常漂亮。然后这个面料也是我想要的，非常棒哦。
-1,布料很好！摸着很软舒服，相信穿起来也会很舒适的，值得购买。
-1,衣服特别好面料很舒服，穿在身上很显气质很显瘦！
-1,衣服很好，是我想要的样子，和图片一样，质量特别好
-1,衣服挺好的，质量不错，穿着舒适，和图片上一样！
-1,面料手感不错，款式简洁大方，显瘦，穿上挺漂亮的。
-1,衣服看起来不错，面料也柔软，款式漂亮，才收到，还没上身。
-1,衣服收到了，比较满意，有需要还会在来。好评
-1,帮朋友买的，衣服质量很好，她很喜欢，好评！
-1,衣服不错！质量杠杠滴！布料很柔软顺滑，非常喜欢！
-1,刚收到衣服，质量真心觉得不错，物美价廉值得购买！
-1,面料质感不错，穿身上挺舒服的，闺蜜都说好看！
-1,穿上显瘦，挺好看的，大家都说好看，准备帮朋友再买一套。
-1,衣服特别好，非常漂亮，很喜欢，准备再买一套，真的很好。
-1,质量不错，摸着感觉挺舒服的，是我喜欢的款哦！
1,上衣我挺喜欢的。就是裤子已经起球了，还粘好多杂东西。。。。
1,款式还好，就是质量很差，起球球，穿2次都不好意思出门了
-1,衣服大了，质量好！售后特别好，快递小哥也辛苦！春节都在为大家服务！感谢！
1,买大了，店家服务态度特别好，大过年的还上班，由于买大了，也没有收我运费，很快又调换了！感谢！
-1,宝贝到了，物流也快，款式和面料都还行，网购还是京东自营的好！一百个?
1,東西很一般 超級薄 和圖片差距大 不建議購买
1,这款衣服很漂亮面料很舒服，天暖和的时候穿刚刚好
-1,"??许多人修炼并非为了证悟，而是在装点此生！
       我们许多人的所作所为，都是出于期待，而不是出于无造作的真诚。

       缺乏真诚时，我们会变得非常软弱，我们可能成为自己跟别人期待的牺牲品。佛经总是起始于阿难说：&ldquo;如是我闻&hellip;&hellip;&rdquo;这相当重要，告诉我们许多事情。阿难记录下佛陀的一切话语，却未曾宣称这些教授来自他自己，他清楚地表明他只是在复述从释迦牟尼佛那儿听闻到的话。

       时至今日，人人都想当原创者，特别是上师们。我读过一些现代上师的书，宣称他们的教导是自己的研究结果，是自己的发现。现代社会的人，不知怎的，似乎受到新的、原创事物的吸引。但在此，我们并非着眼于某人的发明，而是在检视纯净真实的法&mdash;&mdash;佛陀的话语。我们居住的这个世界受苦于无休止的不安全感，灵性事物已成为一种交易，因此像我这种灵性导师总觉得需要招揽更多生意。

       因为了解人们的弱点，而且人有不安全感，贩售灵性事物是很容易的。你们当中有些可能是生意人，因此我相信你们知道销售是怎么一回事：先告诉人们应该拥有某件他们没有的东西，然后再告诉他们购买的地方就是我这里，我有你需要的东西。"
-1,"??许多人修炼并非为了证悟，而是在装点此生！
       我们许多人的所作所为，都是出于期待，而不是出于无造作的真诚。

       缺乏真诚时，我们会变得非常软弱，我们可能成为自己跟别人期待的牺牲品。佛经总是起始于阿难说：&ldquo;如是我闻&hellip;&hellip;&rdquo;这相当重要，告诉我们许多事情。阿难记录下佛陀的一切话语，却未曾宣称这些教授来自他自己，他清楚地表明他只是在复述从释迦牟尼佛那儿听闻到的话。

       时至今日，人人都想当原创者，特别是上师们。我读过一些现代上师的书，宣称他们的教导是自己的研究结果，是自己的发现。现代社会的人，不知怎的，似乎受到新的、原创事物的吸引。但在此，我们并非着眼于某人的发明，而是在检视纯净真实的法&mdash;&mdash;佛陀的话语。我们居住的这个世界受苦于无休止的不安全感，灵性事物已成为一种交易，因此像我这种灵性导师总觉得需要招揽更多生意。

       因为了解人们的弱点，而且人有不安全感，贩售灵性事物是很容易的。你们当中有些可能是生意人，因此我相信你们知道销售是怎么一回事：先告诉人们应该拥有某件他们没有的东西，然后再告诉他们购买的地方就是我这里，我有你需要的东西。"
1,确实适合瘦女孩，特棒，合身！薄薄的绒，特适合冬天穿在大衣里面，满意！
1,质量很好，比较薄，内里带绒但是薄款，还可以。。
1,不是特别厚的款式，面料有弹性，质量很好，春秋穿合适，北京冬天薄了点。
1,不是特别厚的款式，面料有弹性，质量很好，春秋穿合适，北京冬天薄了点。
-1,衣服舒服，漂亮。衣服舒服，漂亮。衣服舒服，漂亮。
-1,衣服穿起来很舒服，和图片上一样的，手感非常好，给五星
-1,先前买了一件，同事们也喜欢，就帮她们一下子买了七件。会继续关注。
-1,穿上舒适，买了比平时小一号的就行。这次又买了七件。继续关注。
1,店家服务态度很好，本来想换一件衣服的  最后试了试还是决定不换了
1,很喜欢这种感觉的衣服，质量非常棒，我和老公都很喜欢
1,我觉得非常好啊 特别适合学生穿 对快递很满意 很愉快的一次网购
-1,衣服已收到，大小刚好，非常满意，非常喜欢，还会继续购买
-1,衣服很漂亮，孩子很喜欢！唯一遗憾的是，刚买完就降价了，有些小失落！
1,一共买了三件，有一件米奇下面的28印图是歪的，跟卖家说话也好半天不回复，叫什么马妹子和小夕的说话迟迟不回复，而且衣服没有什么弹力穿起来有束缚感，款式一般，物流超级慢、
1,跟老公买的情侣装，瞬间变得有爱了，这是第一次从京东购物，还行，以后还会继续开的
1,衣服很喜欢，可以搭很多裤子呢！大小也很合适的。
1,还行吧，对得起这个价格了，柔软舒适，不爽的是刚刚买完就又打折了
-1,衣服挺好，大小合适，挺喜欢的，质量不错的，下回还买。喜欢。
-1,衣服很好，很值得，真的是物美价廉，给自己和闺蜜一人买了一件
-1,衣服很好，很值得，真的是物美价廉，给自己和闺蜜一人买了一件
-1,快递收到了，京东质量非常好，快递小哥态度很好，买了一堆，都给送到家，京东优惠很多，以后还来京东买东西，支持京东
-1,衣服收到了无色差试穿一下大小合适呢、好评吧
-1,还是不错 支持森马 我喜欢 买衣服就在这了
-1,衣服收到迫不及待试了一下，和我想象中一样好，完美！
1,刚拿到手，就有这些黑色的跟油一样的东西，不开心?
-1,五件中这是最满意的一件，很厚实，不错，喜欢，物有所值！
-1,在这家店买了四件，这件最喜欢，五六十的价格有这样的质量惊讶，今天收到几件衣服都好合适而且质量都好，收藏了这家店！
-1,京东购物方便快捷，晚上订的，第二天上午就收到了，质量挺好，给五分
-1,衣服挺不错的，没有异味，快递也很快！价格也合适。
-1,衣服质量很好，穿着也很漂亮，价钱合适，还会再次购买！
1,大小很合适，上面的Mickeymouse是小亮片缝的。
-1,质量很好的，好好好好，试穿过了，很是不错！
1,买了两件 一件女款一件男款 女款的字母是带小亮片 不知道会不会掉～～～
1,和老公一起买的，我的可以穿，男士的却大了点，还是挺喜欢的
-1,衣衣很舒服，面料柔软，价格超值，还有客服兔子的态度特别的好感谢
-1,不说不好就是好。京东购物数年，基本满意。不说不好就是好。京东购物数年，基本满意。
-1,衣服收到了，物流很快，大小合适，是正品，下次还会来。
-1,衣服收到了，物流很快，大小合适，是正品，下次还会来。
-1,很好，还是蛮喜欢这件衣服的。。感觉也挺洋气的
-1,很好很好，比专卖店还好，很满意，哈哈哈哈哈哈，哈哈哈哈，以后会经常买。开心。
-1,给女儿买的，衣服很合身下一次还光顾物流快给力
-1,京东购物就是方便，自家用还是送朋友都很方便，直接买了就送到家门口，东西又好又划算，重点是很京东到家很好，我们这里的京东快递员服务很好。
-1,衣服质量很好，也没有异味，物流速度也快，很满意的一次购物
-1,宝贝真的很好就是小了一点我要求换货服务也很好下次再去购买
-1,森?一直是喜欢的品牌，衣服质量很好，大小合适，款式新颖，物流很快。
-1,衣服非常完美，喜欢白色，穿着也好看，面料柔软舒适，是我理想中的样子，洗过的也不缩水，很不错，快递员也十分辛苦，谢谢您了！价格非常合理，比专卖店便宜，下次继续关注。
-1,森马的忠实粉丝，经常搞些活动，这样就更好了，快递小哥服务态度很好，物流很快。
-1,好好好好好好好好好好好好好好好好好好好好好好好好好
-1,最满意的一次购物，布料与手工相映生辉，再次购买时认定你了。
-1,品牌的东西就是不一样。老婆试了一下，很好。然后就洗了。等干了就上身了。
-1,东西不错，穿的也挺舒服，质料也很好?，下次还会光顾的！
-1,穿过了也洗过了，不企求，还掉色，是纯棉的。这次购物很满意
-1,款型很好，做工细腻，穿着非常舒服，，好评！
-1,上身效果非常好，也很好看，布料了很好，值得买，还想给弟弟买一件
-1,宝贝还不错，码号买的刚刚好！不大不小&hellip;&hellip;喜欢
-1,东西收到了，是正品，京东值得信赖，一直来京东购物，支持京东，马上双十一了，希望京东有活动，以后还来京东
1,衣服不错，就是这次的物流，不敢恭维，这个收到了，另外还有个包裹，还没到，就冲物流快买的，这次物流太慢了
-1,昨天半夜下的单，下午京东快递员给我打电话的时候我还愣了一下，没想到这么大就到了，大喜。试了一下，衣服很合身，面料也很舒服，真的很满意
-1,衣服质量很好，快递也很快，客服【兔子】推荐的尺码正合适  很好
-1,满意满意很满意！本来想再买一件的，怎么涨价啦！这么快的
-1,极其完美，我发现我是点高啊，每次京东的购物都十分愉快。。。宝贝极其喜欢呢。。
-1,换手机见到你不想见你息怒就死机手机点击你撒
-1,比想象中的好，一直在他家买东西，比实体店便宜多了！
-1,活动时候买的，超划算，还想买，却没活动了！
-1,宝贝很好，穿着很合适，超爱，棒棒哒！快递小哥服务态度很好，很赞！
1,之前衣服买的太小，换一件大号，客服直接不搭理，差差差
-1,质量很好，很便宜。在京东买过很多东西最满意的一次购物。快递员服务非常好！给赞
1,158，53略大。第一次洗掉毛，不知道以后会不会。英文字母是亮片装饰，还能接受。还OK。
-1,灰常好 换号也快！赞赞赞！物美价廉的店铺！！
-1,很好，喜欢，大小合适，价格比实体店便宜，快递也很及时
1,衣服不错，女儿穿着很合适。只是，换货让换个地址，因为女儿已经开学走了，也没给换，又邮回到我这里，我还得再给女儿发过去。
-1,衣服不错，女儿穿着很合适，挺喜欢的又买了三件。
-1,给闺女买的还不知道喜不喜欢呢，不过快递小哥很给力给个赞，最满意的一次购买
-1,衣服大小挺合适的，就是物流有点慢，衣服质量挺好。
-1,现在所有东西都在京东买了。东西好价格好服务也好。方便了我的生活。
-1,现在所有东西都在京东买了。东西好价格好服务也好。方便了我的生活。
-1,现在所有东西都在京东买了。东西好价格好服务也好。方便了我的生活。
-1,东西收到了，还不错，手感挺好的，实物与图片相符，以后在来。
-1,挺好的挺好的挺好的挺好的挺好的挺好的挺好的挺好的挺好的挺好的挺好的挺好的
1,衣服质量很好，这个价格真的是很开心！女儿穿上好看，165，96斤，M码合适！
-1,不好意思！这么长时间才来评价，衣服很好孩子很喜欢
1,东西与图片相符，物流一也比较快。衣服穿着不好前身老往后身去领子勒脖子
-1,衣服质量特别好，相信森马一定没问题。下次会回来的。好评
-1,好漂亮的卫衣，而且价格便宜，是棉的，看了一下，还有男款，像给老公也买一件凑成情侣衣，
-1,我先不说东西，你他么的生日都过完两天了，才送来，有他么什么意思&hellip;&hellip;差评，你们事怎么给我说的，23号买的，25号发货，中间的24号让你们吃了？没下次了，滚吧，垃圾店&hellip;&hellip;
-1,质量不错物有所值值得购买，很满意，下次还会光顾！
-1,好好好好好好好好好好好好好好好好好好好好的好的好的好的好的好的好的好的好的好的好的好的好的
-1,衣服早收到了，到现在才来评价，不好意思哦！衣服质量挺好的。下次还会光顾的。
1,"1、做工尚可，没有线头，针脚均匀;
2、没有褪色现象，没有异味;
3、透气舒适;
4、米奇的图案是油漆喷涂制作，多次冼涤后会掉漆、粘连反应;
5、英文字母镶的亮片造至衣服档次速降;
6、袖子上的拼接处接合凸起太大，和手臂皮肤摩擦产生不适及异物感。"
1,码小点了，我买其他家的衣服这个码很合适，想换一件要加运费，算了吧，以后给娃穿吧，太薄了
-1,东西不错   信赖京东   活动买的  以后还回来
1,衣服还可以，就是不太喜欢上面字母上的亮片，自己给抠了哈哈
-1,天气转凉，赶上京东搞活动，就购买了，因为是第三方卖家，发货速度比较慢，京东还是自营店配送效率高
-1,好好好好好好好好好好好好好好好好好好好好好好好好好好好好好好好好好好好好好好好好好好好好好好好好好好好好好好好好好好好好
-1,非常好一下子买了三件。非常好一下子买了三件。非常好一下子买了三件。
-1,衣服质量没的说，我和老婆一人一件，穿着特别舒适，大小合身，朋友都特别羡慕！
-1,衣服质量没的说，我和老婆一人一件，穿着特别舒适，大小合身，朋友都特别羡慕！
-1,非常习惯 颜色和图无差别，码数也合适，好评
-1,东西物美价廉，不错，是我喜欢的。快递也给力，赞一个。
-1,很好看，物流很快，颜色和图片一样，服务很周到，值得拥有，值得信赖
-1,不错的衣服，物流很快，服务很好！京东购物，值得信赖！
-1,物有所值，很是惊喜，还是在网上购物好，足不出户，省时，省钱，又省心。
-1,这件衣服很喜欢米奇图案，穿起来也很休闲百搭
-1,衣服材质跟自己想像的一样，也算物有所值了！洗了不退色，穿了刚合适！
-1,购买刚好是双十一，快递比平常慢了点，服务态度还是那么好，还是比满分
-1,衣服质量很好，值这个价钱，喜欢的亲们抓紧下手呦！
1,百世快递太慢啦杭州到绍兴用了一礼拜，有这么远吗，给个差评。
-1,买了两件，一件男生的一件女生的。尺码都很合适。穿着还挺好看的。很满意
-1,挺不错的，mickey字母上有亮片，没想到*能买到这样高质量的衣服，很满意！
1,衣服很好穿，穿起来很有型。但有一点不足。它里面那个黑色的怎么会掉？每次里面都不敢穿白色的衣服，不然总是掉了很多灰黑色的小毛毛。其他都可以，其他都很不错，都喜欢。
-1,喜欢这衣服，第二次购买相隔时间不够半个月哈，这牌子的衣服上学时就买来穿了?
1,这件衣服我就好说话了，拍出来的效果，我以为它是长款，一穿上，一伸手，衣服就往上缩了，不喜欢这样的
1,非常不满意，衣服都是烂的，卖家的态度也很冷漠，不给予理睬和解决办法。总之请大家买之前慎重！
-1,买了好多，留着慢慢穿吧，毕竟很便宜，质量还不错，喜欢的速度入手吧！
-1,面料和柔软，卖了好多次他家的衣服了，一如既往地好。
-1,衣服很好，很开心放假前能收到，快递小哥辛苦了
-1,物流还行吧，今天收到的，趁着搞活动买的，很实惠，这衣服很好看，感觉比较厚，不会很薄，京东配送员态度不错。
-1,OK哦！我反正觉得东西是非常不错的！快递大姐也是相当负责！
-1,衣服收到了，女儿马上就穿上了，合身，穿着舒服，非常愉快的一次购物。
-1,东西收到，很满意!!真的是超级好的卖家，解答疑问不厌其烦，细致认真，关键是东西好，而且货物发得超快，包装仔细，值得信赖!
-1,洗了还没穿，质量不错的，大小正合适，给个好评
-1,质量好！蓝色很漂亮，很喜欢上面的米老鼠，还会再来买！
-1,东西挺好的，挺不错的，满意，物流快点就更好了
-1,舒适，简单，大方，很满意的一次购物，连续买了两套
-1,衣服很漂亮，跟图片一样，没得色差，衣服的质量也不错！很喜欢！！！
-1,实物和卖家图片一模一样，无色差，很漂亮，码子刚刚好，153/44
-1,很漂亮，心仪已久，好不容易抢到，好开心！！
-1,多次购买该品牌衣服，每次都好满意，做工精细，款式新颖，穿上身好显气质，大爱！以后认夜准这家店，希望价格有更多的优惠。
-1,非常棒的一款T恤，买第三件了，而且这次超划算79元哦?
-1,吾浸淫京东商城数年，深知各产品琳琅满目。然，唯此宝物与众皆不同，为出淤泥之清莲。使吾为之动容，心驰神往，以至茶饭不思，寝食难安，辗转反侧无法忘怀。于是乎紧衣缩食，凑齐银两，倾吾之所有而能买。东哥之热心、快递员之殷切，无不让人感激涕零，可谓迅雷不及掩耳盗铃儿响叮当仁不让世界充满爱。待打开包裹之时，顿时金光四射，屋内升起七彩祥云，处处皆是祥和之气。吾惊讶之余甚是欣喜若狂，呜呼哀哉！此宝乃是天上物，人间又得几回求！遂沐浴更衣，焚香祷告后与人共赏此宝。人皆赞叹不已，故生此宝物款型及做工，超高性价比之慨，且赞吾独具慧眼与时尚品位。产品介绍果然句句实言，毫无夸大欺瞒之嫌。实乃大家之风范，忠义之商贾。
1,挺好看的 廓形的宽松版 在实体店试过 就是优惠券用不了?
1,姑娘穿上超级好看，显瘦，好好好好好好好，好极力
1,好好好看，很有特点，我很喜欢嘻嘻嘻。很宽大
1,质量很好，款式也漂亮，但是太肥大，只能换货，建议买家购买小一码的。
-1,好好好好好好好好好好好好好好好好好好好好好好好好好
1,衣服漂亮就是感觉质量一般，感觉白色都要被黑色染色了
1,cache涨价了不少，质量不太符合价格穿不了多久就起球
1,特好看，跟图片没什么差别，也挺厚实，适合秋冬穿。衣服穿起来也挺舒服的里头还有绒。
-1,颜色很漂亮，和照片上一样，穿上很舒服，喜欢，好评，哈哈
1,还可以吧，很喜欢那图案，就是袖子有点长。下次还会光顾的。
1,衣服质量还可以，就是袖子长了，不晓得穿了过后怎样
-1,衣服很合身，质量也很好，朋友见了都说好看，好评！
-1,衣服的质量很好，料子真心的不错。跟图片一样。非常满意
-1,衣服手感很好，很柔软，穿着轻便舒适，很喜欢
-1,衣服尺码标准。颜色很正。面料柔软。穿起来很舒适。大赞
-1,衣服尺码标准。颜色很正。面料柔软。穿起来很舒适。大赞
1,快递哥挺好的但收到的衣服太烂胸前花纹拼接在胸前不仅线头多拼接处乱七八糟很难看不知道店家在发货时看不看不知道是不是都这样还是我倒眉懒得退了就这样吧
-1,好好好好好好好好好好好好好好好好好好好好好好好好好好好好好好好好好好好好好好好好好好好好好好好好好好好好好好好好好好好好好好好好好好好好好好好好好好好好好好好好好好好好好好好好好好好好好好好好好好好好好好好好好好好好
-1,质量很好，很时尚，穿着也舒适，喜欢；物流很好，满意
-1,质量还可以 媳妇也很喜欢 大小合适 满5分 大大的赞
-1,发货迅速，物流给力，包装不错，套装做工细致，穿着舒适，还满意。
-1,大小合适，身着挺合身，面料和做工也很好，是正品，喜欢。
-1,收到了 质量不错 面料很舒服 款式也很不错 大小合适。
-1,质量不错，款式好，穿着很合适，物流非常快，赞一个
-1,质量不错，款式好，穿着很合适，物流非常快，赞一个
-1,客服服务态度非常好。商品质量非常不错。好评
-1,女朋友很是喜欢， 料也不错 以后还会再来的
-1,大小合适，料子穿上很舒服呢，挺喜欢！很好！
-1,不错的，衣服面料很不错的，店家推荐的尺寸的很合适，穿着很舒服，给个好评。
1,还不错吧，比在唯品会上买了好多了，唯品会上买的不合身，退货的时候还损失了20块钱，快递员收了十块的快递费，还有十块钱系统扣了十块，发了十块的**券。这样的平台还会继续用吗？损失20元后，只在京东购物了
-1,不错不错的，很专业的客服，推荐给我穿的还是很合适的，面料不厚，穿着还挺合适的，不热。
1,我每天早上都要运动的，想买一款适合运动的套装，店家给我推荐的这款，还是很适合的。
1,这款套装舒服又透气，特别亲肤，适合在夏天穿，版型也不错的，穿着运动的时候吸汗特别的好，很实用。快递神速！
1,收到了，店家发货还是很快的，收到的时候我就打开了，打开都检查过了，还是很满意的，没有多余的线头。
-1,呵呵。商品这么快就到了，还不错哦，下次还来你家
1,我穿着这款xl还挺合身的，店家很专业的，再搭上一款小白鞋，女生也可以酷酷的，不错的。
-1,很喜欢漂亮，穿着舒适大方得体、朋友都说好看
1,做工也不错，穿上还显瘦，老公也说很好看。好评。
-1,衣服质量不错，做工很好，面料不错，穿着很舒服
-1,质量不错 款式好看 码数正好 穿上很舒服 卖家包装结实 发货快 很喜欢
1,已经购买了好多次了，每次都能让人满意，很喜欢这款随性，舒适又不失潮范儿的搭配，真心百搭呢，质量也是没话说的，发货也超快的，赞赞赞！！！很漂亮的衣衣，与描述的一样，上身效果好，特别显瘦。是户外锻炼最佳的选择，购物成功，我们一起出去玩，都是满满的自信啊
1,简洁大牌的一款运动衣，很庆幸自己没有选错。朋友在别家拍了一件便宜的同款，和这件质量完全不一样，最爱的是腰间的收腰设计，可以遮住肚子赘肉。穿起来超级显瘦，面料也亲肤透气，大爱，和描述的一样，总之很满意。新款会继续关注的
-1,没想到这么便宜的价格，能买到这么好质量的衣服，质量也很好 ，摸起来很舒服，很满意的一次网购！
-1,真是物美价廉，质量是没挑的，有动心的可以大胆的下手
-1,洗衣机洗了两次啦 一点不起球这件衣服确实性价比较高 值得购买
-1,质量实在是太好了 包装特别精致 这个价钱值了，
-1,衣服收到了还不错，这个价钱买到这样的已经很值了
-1,衣服质量很好，而且物流好快啊，很喜欢。希望不会起球
-1,料子不错。不会起球，刚到就洗了也不掉色，不错
-1,因为前段时间太忙，没有评价，非常抱歉，现在只能追加评论了。衣服不错，不起球，很适合这两天穿，很好看的。赞?
-1,衣服收到啦！质量很好，穿的挺合适，面料也很舒服，这个价格也值
-1,宝贝非常不错，面料做工都好，无异味，无线头
-1,物流速度很快，衣服也比较合身，质量还是不错的。还会再次购买
-1,质量很好，已经买了好几次了，都是帮朋友买的。好评了。
-1,衣服描述的一样，质量很好，妈妈说穿着很舒服，喜欢的赶紧下手哦！快递也不错，送到家门口
-1,质量不错，穿着很舒服，也很合体，全五分是必须的。
-1,质量不错，穿着很舒服，也很合体，全五分是必须的。
1,衣服真不值这个价格，太贵，衣服穿上跟秋衣秋裤似的，还不如秋衣秋裤布料好，卖家服务态度也不是很好，沟通问题一下就急了，也怪自己趁孩子睡着买的太急。将就着穿吧，大家引以为戒！
-1,真没想到这个价钱能买的质量这么好的衣服，太喜欢了
-1,收到衣服以后觉得这个价买到的衣服太值了，五分好评。还会再来
-1,给我侄女买的，大小刚好，质量也不错。美美哒
-1,帮朋友的女儿买的，朋友说不错，上身效果不错。
-1,衣服质量很好，面料是棉的，是一次很好的够物
-1,衣服质量挺好的，洗了后也没有缩水。物流也挺快的，又下了一单。。。
-1,物流快，颜色很喜欢、大小合适，尺码标准、面料舒适透气，好评。
-1,衣服收到了孩子穿着很漂亮，很喜欢，面料也不错。
-1,质量很好，线头几乎没有，洗了洗也没有褪色，穿着刚好，好码也正好，总之衣服不错哦。嘿嘿
-1,衣服穿上了，很舒服很显白，还很便宜，喜欢的赶快购买吧！
-1,这衣服很好，颜色、尺码都很准，给你全五星好评！
-1,衣服穿着刚刚好在家穿感觉宽松舒服 喜欢的别犹豫 这么便宜
-1,质量很好。没有色差。码数也足，这个店铺很靠谱
-1,衣服不错，发货很快，质量很好，没有色差，穿上很舒服
-1,衣服收到了，穿了几天才来评价，衣服真的很好，穿上又舒服，
-1,布料还可以 穿着舒服 给妹妹送的 她很喜欢 ，么么哒  下次在来 谢谢了 店主
-1,衣服挺满意 跟图片上几乎一样 ，面料穿的很舒服 这个价格很值得 给妹妹买得  她开心的要死 。值得推荐给大家买
-1,店主当天就给发货了 衣服已收到 穿得美美的 这个价非常值布料好 不贵
-1,很开心的一次京东购  相信京东 值得信赖 ，衣服面料很舒服 看起来高档 只要是穿着舒服
-1,宝贝收到了，物流很快，拿到就迫不及待的换上试了试，穿上刚刚好 面料很舒服 值这个价  可以给大家推荐一下
-1,大小合适 刚刚好 布料是棉的很舒服 ，上身效果很好
-1,宝贝已收到，很合身，穿着很舒服，下次还会光顾
1,衣服收到了，面料柔软，穿着修身显瘦，给妹妹买得，每天穿着跑步，非常舒服，值得购买
1,这衣服码数偏小，买那码数都小了，看来该减肥了。
-1,衣服买回来后，大了一个号，正在调焕的路上，商家服务很好！
1,颜色差别特别大，质量不好，那些评价都是骗人，想买的朋友三思
1,今天收到货了做工不太好，衣服有爆线懒得退了，洗了也有掉色，感觉不值这个价，有点失望?这一颗心是给快递小哥的
1,一下水一盆水都黑了，早知退货。那些人怎么评价的好呢，还有说不脱色的，难道有几种产品。
-1,给快递小哥点赞，下班高峰期冒着大雨?送货上门！！！
1,不是棉的，做工很粗糙，在京东最不满意的一次购物
1,质量差，纯化纤的，穿上很闷热，还掉色。很坑的一次购物。
1,收到了，还可以吧，裤腿太择吧，还有点兜腿，上衣还行。
-1,这套衣裤颜色正，大小合适，穿上舒服。比在实体店买着还合适，不用再加工了
-1,做工细致，面料好，穿着舒适，合身。值得购买。
-1,颜色不错，穿起来很合身，快递态度也好，不错的选择
1,有色差，不是图片上我喜欢的颜色，收到的是橘黄色！??
1,收到就迫不期待的打开看看，穿上感觉有点不舒服，本来想退的，谢谢想了，其他就不想说了
1,裤子洗过水了严重掉色，而且两条裤腿长短不一，还一个肥一个瘦的，看图片是小脚裤的，收到了是小直筒的。做工粗糙线头多。和图片差远了。坑啊！这是最差一次购物啦！
-1,衣服收到了看着还可以，版型不错，快递服务很好给满分好评吧！
1,东西收到料子很差，很失望不打算穿了，而且颜色差别也大，真心的很失望！以后不会在买了！唯一的好处就是快递小哥服务好，送到家门口的，这几星给快递员。
1,质量很差，料子特别不好，、想退货也不理！下次不会再光顾了！
-1,大小合适质量上乘穿着舒服凉快给朋友又买了多套
-1,衣服已经收到，大小正好，只不过料子不是产品的很少
-1,宝贝收到，穿着很好，我喜欢，我还介绍朋友去买了呢
-1,差差差差差差差差差差差差差差差差差差差差差差差差差差差差差差差差差差
1,商家态度恶劣，退货回去五天还不办理退款，还和客户开骂战，网购了这么久，第一次遇上这样的商家，差差差差差评
1,很合身就是料子和做工不太理想，颜色个图片不符，有点小遗憾
1,这个料子不太舒服，虽然价位不高，但有点失望！
-1,植物，嗯，物流特别快，快递小哥服务好，对菜品特别美，下次下次还要购买
-1,量不错，尺码正合适，上身很简单大方。衣服做工细节很精致。
-1,面料不错，质感很好，做工好，款式也好看，没有色差，很合身。
-1,卫衣穿着休闲舒适，很好看，大小合适，好评满意。
-1,物美价廉，上身修身，按描述的尺码很合身，一次买了两套一套给妹妹她也蛮喜欢的全五分好评！
-1,发货很快，颜色、质地很好，总体来说不错，继续支持!
-1,宝贝很好，特意穿了才来评的，洗了一下不掉色，穿上很舒服，推荐给大家喜欢的赶紧入手吧
-1,质量不错。颜色美图片那么亮。 不错上身效果还是挺不错。
-1,刚下单的时候挺担心不好，宝贝收到了，颜色没色差，也很舒服；试了下同事也要买一件，满意
-1,平时很少在网上买衣服。这次觉得这衣服这么好而且价格也便宜
-1,衣服收到，试穿了一下，不错呢，没有色差，是纯棉的，质量还不错，好评！ 好评
-1,衣衣收到了，没有色差，布料很好，穿着非常舒服，很修身显瘦，客服态度非常好，快递非常给力，三天就收到了，总之是非常满意的购物！
-1,宝贝收到，还不错，穿着刚好，和图片是一样的，好评。
-1,宝贝收到了，朋友都说很值，很上档次，质量不错，物美价廉，满意！
-1,新潮 大气 时尚 很满意 尺码很标准的 特别好的衣服。是正品，质量不错，穿起来显气质，很喜欢
-1,摸着布料很好，颜色也很正，价格也合理，物流速度也很快，包装也严实，特别满意的一次购物。
-1,美爆啦！非常满意，然后质量也很不错，快递大哥服务态度也是一流的！
-1,太漂亮了，又显瘦，朋友们都说好看，价钱又不贵，下次再来
-1,宝贝质量非常好，穿上很合身，我非常喜欢，好评
-1,衣服跟店家描述的一样。物有所值很好。很满意的一次购物。下次还会再来的。
-1,衣服在质感非常好。穿上去高端大气很显瘦。包装也很用心。非常喜欢。
-1,发货速度快 质量好 摸起来很柔软 穿着合身 值得购买
-1,衣服很好，与原图一样，做工也很细，没有线头，大小也很合身，尺码很标准
-1,很愉快的一次网购，衣服很合身，料子也不错，很满意。
-1,衣服质量非常好，快递也很快，很满意的一次购物，以后还来
-1,买了几件都很漂亮，卖家服务态度也不错，赞一个，还会再来的
-1,和图片完全一样，物流好快。款式简洁面料新颖，非常喜欢
-1,服装款式很适合我，值得信赖的是卖家的服务，有大牌风范，注重信誉。客服服务热情，对提出的问题积极解决，给人感觉很温馨，谢谢
1,尺码有一点小，刚好合身，就不知道会不会缩水，要是不缩水就很好。
-1,收到了，质量满意，款式时尚，穿上效果很好，下次还会再来的。
-1,质量很好，样子也很漂亮，很时尚。挺满意的一次购物
-1,收到了，质量满意，款式时尚，穿上效果很好，下次还会再来的。
1,收到实物和图片一样，做工也可以，就是腰围大了一点，总体来说还是可以的。
-1,裙子颜色很漂亮，穿上很显年轻非常显眼靓丽，好喜欢这件
-1,上身效果好，不显胖。发货超快，快递也很给力喔！值得！
-1,宝贝非常好，跟电脑上一样没色差，穿着真漂亮。
1,舅妈穿起来超赞！衣服料子舒服！薄薄的凉凉的不会贴身！穿起来有型！和描述一样的！物流给力！
1,衣服收到了，大小合适，上身效果不错而且不透，值得推荐。
-1,衣衣很漂亮 妈妈很喜欢 上身洋气 有秋冬款还会光顾
-1,收到后试了下，很合身，衣服做工不错，质量非常好，性价比非常高，发货速度也快，卖家服务也很好，必须好评！
-1,宝贝到了，试了下很合身，卖家推荐的刚刚好不起球不掉色，下次继续光临。
-1,衣服质量很好 而且穿在身上很舒适 店家服务很到位 发货速度很快
-1,衣服很漂亮，穿着舒适，物流也超快，以后还会再来！
-1,衣服质量不错，满意，客服服务周到！五分好评。
-1,衣服质量很好其实物超所值！穿上有形有格很喜欢
-1,非常好哦 穿上合身 很舒适 包装也很不错 相当满意 推荐！
-1,质量很好哦，版型也喜欢，物流也快，服务态度也好，满意
-1,衣服收到了 评价晚了点 不好意思 裙子很漂亮 好
-1,一开始买的一个颜色不是太好，又换了一个，店家服务很周到，好评。
-1,衣服面料很不错，看起来挺高档的，穿上身的效果也很好！关键是商家超级有耐心帮我解决问题，不拖拉，讲信誉。一定还会再来买他家的！
-1,质量不错，款式也可以，就是袖子有点短，快递也给力，给个好评。
-1,很不错的一次购物，货真价实，下次需要时还会买
-1,已收到，质量很好，大小合适，没有色差，店主服务态度很好，发货很快，搭配很好，物流很给力，给5分。
-1,已收到，质量很好，大小合适，没有色差，店主服务态度很好，发货很快，搭配很好，物流很给力，给5分。
-1,发货速度很快，包装很牢固，做工不错，这个价格买到很划算了，性价比高
-1,商家发货快，服务态度好，款式很漂亮质量也很棒，买得划算。
-1,最近太忙了，确认晚了，东西是很好的，货真不错。。
-1,物有所值，没有色差，朋友都夸我挺会买衣服的 非常满意！！
-1,价格实惠，质量颜色什么的都非常满意，所以好评是必须的
-1,来晚了，衣服很好，不褪色也不掉色，和图片一样穿着舒适的感觉不错。物流商家都很好
-1,刚收到衣服，很合身也很洋气，同事都说好。物流也快。给了全五星。
-1,衣服质量非常好，做工很细，没线头，本人非常满意的一次网购，大家可以放心买 满意
-1,喜欢的朋友们赶紧下手吧，真的很划算哦！真的是一次很愉快的购物，还会再来的！
-1,非常好的宝贝，包装高端大气上档次，做工非常好！大爱！
-1,宝贝收到，太喜欢了，和我想的一模一样，面料也很舒服，没有色差，姐妹们快下手吧！
-1,质量很好啊，款式非常喜欢，喜欢的亲们不要犹豫了，赶快下手吧！
-1,宝贝收到了，挺漂亮！面料非常好！值得购买！店家服务也很好！
-1,太喜欢了，是我喜欢的款式，穿上老公看到说好看，大爱推荐给姐妹们了
-1,质量不错，衣服很漂亮，不错的卖家，以后还会来光顾的！
-1,收到了，质量不错，最重要的是物超所值，款式大方，和店家描述的一样
-1,东西收到了，颜色很漂亮，质量也不错，好评，棒棒哒
-1,质量很好，物美价廉，喜欢的美女们不要犹豫哦
-1,料子很舒服，物流也很快，和图片基本一样没色差
-1,衣服很好，颜色也很正，非常喜欢真是很愉快的一次购物 还会观顾的
-1,货超值，呵，下次再来。帮你做个广告，朋友们要的就要早下手了
-1,喜欢的衣服，还想买一件别的颜色，店家帮忙推荐几款衣服哦
-1,宝贝刚收到，包装挺好的，质量也不错，跟卖家描述的一样，没什么色差，物美价廉，喜欢的你赶紧下单吧，发货快，物流也很给力。
-1,宝贝不错，和实体店一样质量，不过实体店没有货了
-1,衣服收到简直是惊喜！面料上档次，版型做工一级棒！客服耐心推荐尺码合适，物流快。喜欢的姐妹赶快入手，相信我没错的。简直是捡到宝了。全五分必须的！！！
-1,"好质量非常好，与卖家描述的完全一致，非常满意，真的很喜欢，完全超出期望值，发货速度非常快，包装非常仔细、严实，物流公司服务态度很好，运送速度很快，很满意的一次购物常让人满意，料子透气性不错，做工认真， 好评鼓励，希望越做越好，继续关注支持。"
-1,质量好的没话说，透气，很满意的一次购物，小姐妹也要买。好评
-1,收到衣服，试穿了一下，太漂亮了，柔软手感好、颜色相当满意，同事们都说好看，符合我的气质而且卖家发货速度快，物流很给力
-1,穿上很合身，没有色差，和卖家描述的一致，物流超快，店主服务热情，衣服的质量也很好，一次不错的网购
-1,非常好，单位同事都说好。质量好，款式好。物流好，包装好。总之一切都满意
-1,宝贝收到了，包装很好，质量也不错，主要是上身很有型，修身。下次会继续关注
-1,不错不错，衣服款式不错，颜色也挺好，下次再来光顾
-1,质量不错，价格实惠。 卖家发货很快，服务态度也好
-1,宝贝收到了，质量很好，客服也很不错，衣服杠杠的！
-1,额。衣服很好哦，价格很实惠，嗯，很实惠，嗯质量也不错。
-1,上身效果不错，妹妹看了也喜欢，穿上很舒服，物有所值，喜欢的美女快快入手吧！
-1,终于找到家好店，服务好，质量不错，下次有机会再来买。
-1,质量不错，版型很好，穿上很舒适，是我喜欢的，满意
-1,宝贝真的很不错，开始还有点犹豫，担心质量不好，可是收到后确实没让我失望！下次还会光顾的！
-1,宝贝收到了，质量不错，大小刚刚好合适，做工精细，客服人也好，快递很快
-1,衣服款式很好，料子不错。客服琴声服务很有耐心 非常满意
-1,店家服务很好，问什么答什么，从来没不耐烦的时候，就喜欢这种客服，收到的商品与网页描述一致
-1,质量太好了，超值，想入手的朋友，不用考虑了，真的值
-1,质量也很好，做工细致没有线头，物流也很给力
-1,宝贝很不错我很喜欢 涡流也很快 非常满意的一次网购 好评
-1,"早已收到了挺喜欢的，是自己想要的 ，尺码颜色款式都挺棒的　，穿着挺合适，，与自己看到的店内的一样好，包装到家没有破损 非常满意物流挺快的"
-1,物流速度很快的，收到的宝贝女朋友很喜欢，穿上很漂亮， 也很合身，很好！
-1,东西收到了，各方面都很好，物流也快，卖家服务很好，值得给5心好评
-1,非常满意 真的很满意 和卖家介绍的完全一样，很满意的一次购物， 朋友介绍的 非常不错！下次再来
-1,非常满意 真的很满意 和卖家介绍的完全一样，很满意的一次购物， 朋友介绍的 非常不错！下次再来
-1,好评！帮一个室友买的 上身挺好看 然后其他三个也说要我帮她们定 喜欢的朋友赶快下手吧
-1,质量挺不错的，穿上非常合适，卖家服务态度很好。
-1,好评！帮一个室友买的 上身挺好看 然后其他三个也说要我帮她们定 喜欢的朋友赶快下手吧
-1,同事和朋友们看了纷纷投来羡慕赞许的目光，都问在哪里买的，我太高兴，太满意了！谢谢！
-1,很不错的东西，看着就非常上档次，高端大气，发货速度也非常快，服务态度也很好，总之 很开心的购物
-1,料子不错，快递给力，价格不贵，值得拥有，二次购买
-1,"我要说这客服是具贴心 态度巨好 质量别提多好了 很喜欢，比想象的要好！很不错很满意
非常超值性价比极高 ，卖家发货的速度挺快的，东西包装得非常的完好，物美价廉，感觉真是很划算！一次很愉快的购物！"
-1,宝贝收到了，很漂亮，也很喜欢，质量真的不错，我老公说穿起来很好看，没想到这么低的价格能买到这么好的东西
-1,是我喜欢的那种款式，有气质，满分好评，值得拥有哦。还有小礼物哦！
-1,衣服质量真的不错，和价格成正比。比实体店划算的多。颜色也比较亮，不用担心颜色暗沉。整体效果大方舒适
-1,衣服非常好，质量做工都很不错，穿上大气，是我喜欢的款式
-1,不错很有样，高端大气上档次，喜欢的别犹豫了，快快下单吧
1,正品，卖家态度很好，上身效果不错，衣服款式很好，我最喜欢衣服的口袋了，长短正适合我们这些小个子的
-1,这款宝贝质量很好，款式很喜欢，做工点赞。与卖家描述的完全一致，服务不错，发货也很快。
-1,因为是买的预售款的，等的有点久了。不过衣服质量不错值得等的。衣服也厚实，面料挺好的。
-1,衣服不错，大小刚好质量也很好。喜欢的朋友可以放心购买。款式我很喜欢
-1,闺蜜在你们家买了一件，推荐我来的，确实很不错，实惠衣服好！！推荐推荐！！
-1,质量很不错和卖家描述的一样颜色很正没有色差没有异味很满意的一次购物
-1,今天收到货了，马上试穿，朋友说好看，质量也不错，推荐的尺寸也刚好，
-1,衣服真的很好，质量也不错，料子也很好，真的没有色差，版型很修身
-1,材质非常的好哦，穿起来特别的舒服，很喜欢，价格实在，下次还来
-1,衣服收到了，质量很好，样式也很喜欢，发货也很快，很满意。
-1,本来买的蓝色联系客服之后给我推荐了灰色， 果断也换了灰色试试没想到真的买对了，好看的深灰色，布料也很柔软保暖这个价格值了
-1,东西不错。质量很好，比市场上买的便宜的多。店主服务态度不错
-1,朋友说衣服质量好，也买了一件，版型真心不错噢
-1,点错了，还没收到衣服呢???，不会收不到了吧？
-1,衣服不错，发货挺快的，质量很好，很好看，好评
-1,宝贝不错哦，衣服很厚实，能用这个价格买到这么好的衣服，开心！哈哈，好评！好评！好评！
-1,宝贝非常不错，物流也快，很满意的一次购物，以后有需要还来咱家
-1,衣服摸起来挺软的，穿起来也不错，舒服，没有色差，给五星好评哦！
-1,衣服挺好衣服挺好的穿着很大气，第二次购买了物美价廉的穿着很大气，第二次购买了物美价廉
-1,很好看 质量不错 穿上去美美的，服务态度很好 物流很快
-1,很好看 质量不错 穿上去美美的，服务态度很好 物流很快
-1,质量不错，和描述中的一样，穿上很舒服质量不错送货速度也很快满意哦
-1,质量挺好的，店家发货很快，而且款式也新颖，质量不错
-1,给老婆买的，老婆很喜欢，网上的描述一至，很好
-1,宝贝质量非常好，质量不错，非常满意，想买的赶紧下单吧。
-1,质量不错的哦！以后还会再次光顾的 物美价廉
-1,颜色和图片一样没有差异，质量也不错而且也不贵值得购买！
-1,包装的非常好，拿在手里感觉很好，衣服的质量很不错，穿上效果很好
-1,宝贝收到了，穿着很合适，质量也很好，版型很漂亮，很不错的一次购物
-1,好评好评好评！ 样式好。跟图片上是一样的，穿在身上效果也不错很合身，也很漂亮，满意
-1,衣服质量不错，穿上很合身，而且柔软舒服，保暖性也可以，非常满意。
-1,"货已收到，质量不错，性价比很高， 整体感觉不错与商家描述一致，物有所值，值得信赖，全5分"
-1,衣服质量不错，手感也很好，宝贝很喜欢。值得入手价格也不贵
-1,衣服质量不错，手感也很好，宝贝很喜欢。值得入手价格也不贵
-1,质量不错，手感极佳，穿上很合身。价格也很便宜，物有所值
-1,质量不错，和描述中的一样，穿上很舒服质量不错送货速度也很快满意哦
-1,宝贝很好，质量不错！~发货也非常快谢谢店家，满意的一次购物 全五分~~
-1,衣服质量不错，手感也很好，宝贝很喜欢。值得入手价格也不贵
-1,衣服质量不错，手感也很好，宝贝很喜欢。值得入手价格也不贵
-1,宝贝收到，物流很快，衣服试穿了一下，大小正合适。
-1,衣服收到，不错版型好看大尺寸合适，这个价也值了，物流很快，好评，全五个星！
-1,衣衣收到，物流很快，质量也很好，喜欢的姐妹们赶紧下手吧
-1,物有所值啊！客服很好，送货人员态度很好。全5星
-1,发货前厂家不查货吗？裤子的右裤腿是扭的，价格也不便宜，买这样的东西真的很闹心，嫌麻烦也不想换货了，扔一边去了，多的不想说就这样吧&hellip;&hellip;
-1,"质量不错穿着挺舒服的，没有色差，下次还来光顾"
-1,店家的宝贝质量很不错哦，卖家也挺热情的！物流也挺快的 ，下次有需要的话还会来的，全五分赞一个！真是一次愉快的网购！！
-1,衣服很漂亮，质量不错很合身。老公也说穿上很好看。很满意的一次购物，
1,真想给你个好评，但衣服太不好了，还薄，做工还不怎么样，刚穿上，珠子掉一地！
-1,衣服收到了，很漂亮，面料舒适，颜色做工都不错
-1,宝贝收到了，穿上大小合身，摸着很柔软、舒服。这个价格能买到真是赚到了 客服服务态度很好
-1,宝贝收到了，穿上大小合身，摸着很柔软、舒服。这个价格能买到真是赚到了 客服服务态度很好
-1,货收到了 质量很好 包装很不错 发货速度很快 服务态度超好 准备推荐给朋友 赞赞赞
-1,价格便宜，质量还算可以，发货速度比较快，给个好评吧!
-1,真的好好啊，穿上很舒服很合身，卖家服务也很好
-1,衣服己收到，给女朋友买的，她非常喜欢，一切都值了
-1,做工不错，材质很好，衣服也没什么线头之类的。
-1,给五颗星吧！感觉还不错！今天到货的，明天洗洗看
-1,收到了，质量不错，和卖家描述一样，卖家服务态度很好，快递给力，五星支持好评。
-1,质量不错，尺码标准，上身效果很好，老板发货很快，物流很给力，好评
-1,宝贝很好，特意穿了才来评的，洗了一下不掉色，穿上很舒服，推荐给大家喜欢的赶紧入手吧
-1,衣服收到了，大小合适，也没有色差，卖家服务态度也很好，不错的一次购物，挺划算的！
-1,价格实在，衣服质量不错，版型也挺好，物超所值，全5分好评。 满意100%
-1,早知道就不买了 有线头 后悔死了 跟我想象的差远了 还钱
-1,衣服很好，符合描述，物流也很快，服务态度很好。好评
-1,发货速度很快到货速度很快包装的很好很完整，客服态度很好宝贝也不错
-1,亲们喜欢的赶紧下单吧，质量非常好，和卖家描述的完全一样，大爱大爱。
-1,宝贝不错哦，衣服很厚实，能用这个价格买到这么好的衣服，开心！哈哈，好评！好评！好评！
-1,衣服很好，符合描述，物流也很快，服务态度很好。好评
-1,好评好评，质量非常好，很满意哦。卖家的服务很好。物流超快，反正我非常喜欢。
-1,试穿了几天，穿上去很活身，很喜欢的一件衣服，质量不错，总的来说物美价廉，服务周到，物流也快，以后有需要还会光临贵店，祝店家生意越来越好
-1,买了两套 给闺蜜一套 质量非常好很喜欢 下次还继续光顾
-1,衣服很好，符合描述，物流也很快，服务态度很好。好评
-1,质量不错 喜欢的亲们 不要犹豫 很快下手吧！
-1,衣服没有色差，而且穿上很舒服，嗯，穿上很减龄额，非常喜欢，嗯，跟描述的非常相符，很时尚。
-1,宝贝收到啦 特别漂亮 高档 穿在身上效果超赞 很是喜欢 质量也不错 下次还会光顾
-1,强烈推荐大家购买！衣服真的不错，质量款式真心很不错呢。
-1,质量不错。颜色美图片那么亮。 不错上身效果还是挺不错。
-1,质量不错。颜色美图片那么亮。 不错上身效果还是挺不错。
-1,质量不错，细节处理的都很好，和图片没有区别 买到真是赚到了 O(&cap;_&cap;)O哈哈~ 发货速度快
-1,宝贝真心的不错，有便宜质量有好，真一次成功的网购，京东快递员服务太度有好，真是满意的一次购物，真心的祝老板生意兴隆，
-1,一点都不好，而且穿不到一天就碎了，还有发的时间也慢半个月才到
1,这套衣服很喜欢，就是不喜欢上面的晶片和珠珠，下单的时候以为是绣秀的
-1,衣服不错，老破很喜欢，穿上很有型，发货速度也挺快的，很满意的一次购物
-1,"衣服收到了，质量很好，和图片上一样，很修身，不错的选择！！"
1,比想象的薄，而且裤子有点肥，我是上半身胖四肢无肉型的，穿这个显得比平时胖了二十斤，懒得退了！
-1,没有照片上的好看   衣服不厚   价钱贵
-1,做工不好，189不值得，而且我叫换货快递过去？给我的不是厂家的？快递费都*该不会都是叫刷的吧！
-1,衣服有缺陷，裤子嘎嘎肥，什么破衣服，骗人，还往死贵，懒的换，在以后不在他家购买其他商品，    
-1,自己搭了一个马甲，感觉很好，哪里都好，很喜欢哈哈?
-1,质量太差了，第一次收到是破的，换回来又是坏的，最后悔的一次购物
-1,不止一次在京东购物了，服务好，物流快，京东值得信赖
1,衣袖一只长一只短 拉链也是歪的 太差 以后不再网购
-1,卫衣套装很漂亮，尺码很正没有色差，款式时尚，过水不掉色，搭配起来洋溢着青春的气息，很有范儿的感觉，瞬间年轻额好多，好喜欢很开心的一次购物
-1,这宝贝拿在手里沉甸甸的，这个价钱能买到三件套，说句真心话太值了，想买的亲们赶快下手···布料厚实柔软，穿上去挺暖和，做工细致，没有任何瑕疵，很满意的一次网购，点赞！！！ 物流快，服务态度好
-1,我敢肯定的是店家的好评，绝对不是刷出来的，因为我收到衣服的时候感觉真的是很开心，衣服很厚重，入手柔软绵滑
-1,宝贝收到了，很开心，料子挺好的，这个价格也很划得来，不错 会推荐朋友来买，祝卖家生意兴隆！
-1,这样款式的衣服很适合我穿，休闲得体，亲肤感舒适。以后会继续光临本店的。
-1,不会起球，洗过后没发现会掉色，穿去运动也很舒适
-1,闺蜜推荐买的。很厚实，质量太好了，大爱啊！对我家闺蜜表示了浓浓的爱意。。我们几个人，人手有一套哦。下个月聚会的时候都穿这个。再次重申，质量真不赖。
-1,上身效果不错，好质量就是不一样，做工也很细致，比实体店划算多了，
-1,哇噻 我的衣服已经收到了，拆开看好喜欢噢。和我想像的一样呢，料子摸着挺舒服的 价格实惠又不贵 我喜欢穿休闲的衣服又不热 挺好的，物流也很快！喜欢喜欢喜欢
-1,亲，衣服收到了，很喜欢，质量很好，上身效果不错哟
-1,手感挺好的，做工也很精细，颜色也是我喜欢的，卫衣质量真心不错， 推荐大家值得一买
-1,很不错的宝贝很好，女儿穿上很喜欢，也很合适，颜色也很正，非常满意的一次购物。
-1,手感不错，非常喜欢，朋友看着也说好，下次还会来
-1,质量很好，做工精良，穿着很舒适，买的很超值。。非常喜欢。老板人不错，发货快，物流也很给力呢。。五分好评！
-1,质量很好，款式不错，没有色差，与卖家描述的一样，物流很快，满意
-1,衣服真的非常的好，穿着很舒适，版型很正穿上很显年轻，真的很不错，这次购物很满意
-1,冲着好评这么多买的，收到后还是有惊喜的质量很好，非常 不错!
-1,整体看上去还不错，，'给老婆买的，她很喜欢。
-1,衣服收到了，试穿了下很合适，也很漂亮，非常喜欢
-1,衣服穿上很好，质量不错，卖家服务态度很好，物流也很快，满意
-1,宝贝超级喜欢，面料很舒服，不会起球的那种，很喜欢，终于买到自己喜欢的了
-1,第二次买了，质量特别好，真正的物美价廉，喜欢的放心买吧
-1,宝贝质量很好，和图片一样，喜欢的妹子可以入手了。
-1,很时尚的bf风啊！很快收到，很显瘦，质量不错！
-1,衣服质量很好，在外边看的一样的都贵好多那，很喜欢，快递也很快哟
-1,在这家店买过很多次了算是常客，宝贝收到了，很满意
-1,衣服很美，穿上也显得特别有气质 祝店家生意兴隆
-1,实物和图片一样，非常喜欢，哈哈，下次首选你家的了
-1,刚刚收到 质量很好 发货速度也很快 客服态度很好
-1,好评、已经穿了几天了，是正品。质量不错，穿上挺好看的。这个价格非常值。以后还来买。
-1,很不错的卖家 货早就到了 没时间签收 呵呵 质量很好 谢谢了
-1,质量还可以，一分钱一分货，物有所值，快递挺快的
-1,宝贝质量很好，手感很细腻，看上去色彩很正，衣服里子质量好高大上，走线均匀一丝不苟，是好品质的东西。
-1,衣服质量挺好的，款式也不错，活动时候买很划算，第一次买这牌子的衣服，很满意。
-1,快递很快就到了，很给力，衣服质量也不错，包装很好哦，希望下次继续购买
-1,快递很快就到了，很给力，衣服质量也不错，包装很好哦，希望下次继续购买
-1,亲，衣服质量不错??，暖和，洗了不易起球！穿起来很上档次！还会继续支持！
-1,超满意的一次购物! 衣服没有气味，而且质量超好!
-1,衣服特别好看 穿上也好有范 喜欢喜欢 快递超快 五星
-1,客服和快递都很不错，最重要的是宝贝很好，和描述一致，穿起来很有型。
-1,包装还可以，做工也不错，很好的质量，很合身
-1,衣服收到了，衣服质量不错，没有色差，物流也很给力
-1,宝贝挺好的 挺合身的 特别喜欢 质量也挺好的 下次还会来
-1,没有色差，质量也很好，喜欢，客服推荐的尺码也很合适，满意
-1,上身效果很好 质感也好 即使是胖美眉也能穿出它的味道来 很不错 很文艺范 还会再来购买的
-1,衣服很好，已经在这家店买过很多次了，希望大家可以多多关注。
-1,版型不错～～～料子也很柔软也很暖和～～上身效果也好～
-1,物流太慢了！物流太慢了！物流太慢了！物流太慢了！物流太慢了！物流太慢了！物流太慢了！物流太慢了！物流太慢了！
-1,物流太慢了！物流太慢了！物流太慢了！物流太慢了！物流太慢了！物流太慢了！物流太慢了！物流太慢了！物流太慢了！
-1,这是第一次在网上物到不好的东西，质量不好还不说，还那么薄，唉，太失望了。
-1,必须吐槽一下，第一次买东西下订单后几天才发货出来的，截止本人拿到衣服共一星期！！这速度我真的是真心服了！！！
-1,穿上效果还是不错的&hellip;版型各方面都很好&hellip;应该还会购买&hellip;
-1,都给零分，截止本人拿到衣服一个多星期！这物流速度真心FU，实物和图片相差太大，帽子完全不同，还这么贵，绝对的仿制品，购买需慎重
-1,特意穿后再来评价，物流也很快，下次再来吧！
-1,这衣服就是垃圾。而且也不便宜 我们这边** 一摸一样的东西 她们买**
-1,衣服面料很平整，颜色是我喜欢的，试穿感觉不错，以后还会光临
-1,垃圾货，根本没发穿，质量太差了，都没穿，扔掉了
1,没想到我160斤XXL码还能穿，衣服穿得身上还蛮舒服的，衣服质量很好???
1,质量一般，不值这个价格。做工不精细，图案粗糙。
-1,料子舒服。。样子也好。超级喜欢?还会继续买的。
-1,常棒的一件。拿到手，手感很好，试了下效果不错
-1,质量不错啊，正品，跟描述相符合，物流特别快，赞一个
-1,试了一下上身效果还不错，客服推荐的码刚刚好
-1,上觉得很酷哦！没有色差！没有异味！全五分！赞一个！
-1,"差评，差差差差&rarr;_&rarr;我已经对你们衣服的质量无语了。
你们又不便宜，质量还不好，真是够了！再也不会买你们的衣服了。"
1,发货有点太慢了正好12天拿到衣服，本来打算退了，想想还是算了有点麻烦，能凑合穿，就是裤腿松紧口太松了。也就这样了太坑人了，下次再不来了。
-1,这是我买第二件了。衣服穿的非常合身，朋友都很喜欢。请问我到哪里买的，然后给朋友又带了一件。关键是料子舒服，真的物有所值了，喜欢的亲赶紧下手吧？
-1,一次很满意的购物，收到衣服朋友叫我帮他也买一件，质量真的不错
-1,客服推荐的尺码正好，用料不错，款型也不错，物流很快，很愉快的一次购物。全5分好评
1,说实话有点失望，花上金色还没穿就掉，衣服质量也不咋的。
1,"衣袖边和裤脚边还有松紧带
质量太差了，不是我想要的，"
-1,衣服收到，质量非常好，喜欢哦，穿上很舒服，很有型，好评！
-1,感觉还不错，穿起来效果也很好，物流也很给力，好评！
-1,衣服很好，质量不错。很柔软，衣服和图片上一样。好喜欢，做工也满不错的
-1,垃圾贷，说多了浪费我的口水。不再相信京东了。
-1,这款衣服实物其实比图片好看，因为质感真的很好，价格也很实惠，一直很喜欢
-1,衣服非常好看也很合身 质量不错 适合现在的时候穿
-1,衣服不错，质量也可以价格也实惠，下次还会够买
-1,衣服还可以，又帮朋友定了一套，就是物流太慢，发了好多天才到货
-1,还可以，不过我好像买小了还是他家的衣服号码偏小，穿着有点小。
-1,衣服很不错穿着合身手感也好，和图片一样，价格也还满意，店主人也好??
-1,衣服很漂亮，和图片上一样，买的号码正好合身
1,衣服还行，感觉有点小了，里面颜色是黑色就好了
-1,真是一次不爽的购物，衣服的面料太差了，这样的价钱买到这样的衣服太坑人了
-1,宝贝收到了，觉得挺惊喜的材质佷好不掉色，版型也不错，还会继续关注
-1,衣服质量不好，不值这个价钱，下次不会再买了
-1,超赞，衣服比我想象的还好，很合身。包装也相当不错，以后还会光顾，很好的卖家
-1,感谢卖家的热情服务，一身穿起来，效果很好，特别喜欢
-1,第二次购买了、衣服真的很棒也很暖和、老板很贴心、还送了小礼品、很棒、还会继续光顾你家的！
-1,货收到，很好布料很柔软上身效果很好。亲们可以下单了，物流好快，客服态度好好滴，给五星
-1,不错，店家推荐的尺码很合适，也很喜欢！物流也超快！
-1,不好意思，这么长时间才评价。衣服很漂亮，上身很合适质量不错非常喜欢。大爱！
-1,衣服质量没得说，很正，上身也很好，很喜欢，是本人预想要的结果，大赞！喜欢的宝宝赶紧下单吧！
-1,衣服很合身，版型设计很好大小正好.没有色差和图片一样.物流很快
-1,衣衣收到了，谢谢，很好，尺码标准，颜色很正，很愉快的一次网购，很开心
-1,质量不错 意想不到 大小正好 物流很快 好评好评
-1,这衣服颜色是我想要的那种，衣服大小很合适，很满意，下次介绍朋友再来买
-1,东西不错，挺喜欢的，好评吧这几天的天气真适合穿
-1,亲爱的同志们你们千万不要买这家的东西了，根本不值这个价，而且东西也不退。
-1,宝贝收到了，很喜欢，特别修腰，老公说好看，我自己也喜欢
-1,衣服收到了，面料不错，质量很好，板正，试穿了一下，上身效果超级棒，有腰身，特好看
-1,宝贝收到了，穿上正合身，尺码很准，质量也挺不错的，客服态度挺好的
-1,衣服面料还可以，挺合适的洗了也不退色不起球下次继续购买
-1,衣服质量非常好，穿上美美哒，喜欢的朋友放心购买，值得拥有，快递也很给力。
-1,衣服真的跟图片一样，好喜欢啊！颜色也挺衬肤色
-1,衣服质量很好 大家都说漂亮 质量也很好 很喜欢 物流很快
-1,衣服收到了，好好的质量，很喜欢，和描述一样
-1,不错呦，就算是我这样胖的人穿着也不显胖，而且客服的态度很好呢！五心好评必须哒！～(￣▽￣～)~
-1,这家店的衣服就像垃圾一样，亲们不要上当了，这家店衣服价位高，但没好货
-1,"套装质量很不错的哦，客服的服务态度不得不说，尺码我拍下的时候拍错了，客服确认后很快处理好了，很感谢，赞一个朋友们看我穿得好看，又购买了很多套哦."
-1,东西质量不错，卖家态度也不错 物流也挺快的 下次还会光临本店的
-1,质量不错，物流蛮快的，与图片一样，超喜欢，下次还会在光顾的
-1,非常满意 商家态度好 我要的号小了 及时给我做了调换 谢谢 还会再光顾的?
1,宝贝款式时尚大方，面料也好，但做工超差，裤子口代边黄色的里布都漏处面，不过这次送宝贝的快递小哥服务挺好的，唉！看在快递小哥的辛苦付出的份上收了吧！
-1,很好的衣服，昨天拿到手，今天就出门了，看中的妹子们可以下单，很划算的价格，我漂亮的衣服
-1,东西买回来小怎么办，我也不懂这么换，什么都满意，就是没法穿。
-1,上身效果还可以，很喜欢的样式，很合身，不会特别紧身！物流也很快
-1,质量不错，衣服的版型也很好看。很合身码也很合适。非常满意的一次购物。哈哈，很好。
-1,上身效果非常好，同事大姐很满意，另外两个同事也买了，赞一个
-1,衣服穿上很合身 很喜欢 质量也好 朋友都说好看要买 三件套真的很划算 喜欢的亲赶快拍哟不要错过
-1,衣服收到啦！打开很惊喜，质量不错，没有色差，很柔软，物美价廉。贴身穿很柔软，没有色差，要买的亲们快下手啊！祝老板生意兴隆。
-1,衣服收到了，质量不错，卖家推荐的尺码很好，很合适，下次还会继续再来购物。
-1,昨天收到衣服了，衣服上身效果不错，质量做工都很精致，颜色没色差，客服态度也非常好，要买的亲们不要犹豫哦！
-1,买回来就试穿了，感觉挺不错，挺舒服的，很合身！好评
-1,质量真差，跟图片不一样。很不满意。差评，价格还那么贵。
-1,上身很漂亮，显瘦，质量也不错。还没有洗呢，穿了不起球，同事们见了也都喜欢，也想买
-1,不好意思来晚了，衣服很漂亮，非常喜欢布料质感很好，高端上档次，价钱也合理，好评！
-1,衣服收到了，真心的不错。比想象的好很多。是我喜欢的款和面料
-1,袖口有点松，质量一般，买大了一号！就这样穿吧！懒得换。
-1,洗过水了，不掉色，不縮水，不起毛，有意的放心够买。
-1,衣服的质量挺好的，衣服也是图片上的一样，无色差，给满分，下次还会再来
-1,到了之后邻居又看中了，帮她买了两套，料子不错的，也没什么很大的气味，发货也快，好评妥妥的
-1,我非常喜欢上身效果很好值得光顾下次还会再来??达
-1,质量很好，颜色款式是我喜欢的，这次的衣服物有所值。下次有需要再来。 服务态度很好
-1,衣服真心不错，款型、质量都很好，喜欢的朋友可以放心购买，好评！！
-1,因为之前自己买了件穿上后，朋友都说好看，然后又让我帮忙买一件！所以衣服确实很不错&hellip;很喜欢
-1,谢谢店家推荐的尺码，衣服很合适，质量也很好
-1,衣服很合身，颜色可能错了不过也可说歪打正着，老婆喜欢就好
-1,客服推荐的号码正好！这是我在京东上买的最喜欢的一件衣服！上身效果也不错哦
-1,衣服很美 质量也不错 对得起这个价格了 下次还会再来
-1,还可以，就是颜色和图片上有点差距。衣服质量很好很合身。
-1,衣服挺好大小合适！就是物流太慢，希望下次加油哦！
-1,衣服收到了 质量非常好 非常不错 款式也不错 我很喜欢
-1,质量很好！也很修身，比实体店便宜多咯，很满意的一次购物。
-1,宝贝挺好的，质量没问题，版型不错，向挺柔软，下次还会再来。
1,还好，袖子也很有型，唯有口上空缺的装饰品太过长，导致袖子下垮，影响整体效果。能缩小3，4公分是最好的。
-1,衣服不错，大小也合适，特别喜欢，下次还会继续光临！
-1,衣服收到了，衣服质量不错，没有色差，物流也很给力
1,整体感觉还可以，就是感觉腿有点粗，暴露我的缺陷啊，看样子还要努力减肥啊?
1,很漂亮，颜色款式都很好。 不过这个价格这个质量还是没有什么说的，很喜欢已经洗了，不怎么掉色。以后好看的款式希望有高质量的衣服，贵点也没事。个人想法别介意哈哈。总得来说好评！
-1,物流很快，衣服质量不错，版型好，大小刚合适，不错喜欢
-1,宝贝很好，穿着很舒服，没有色差，大小合身。很喜欢，物流很快，卖家服务态度很好
-1,不错，很好， 发货的速度也很快， 卖家的服务态度也很好 好评
-1,宝贝收到 质量不错 做工精致 面料很好 穿上很合身
-1,"质量不错，快递也快，喜欢的朋友可以下手了 质量真的不错!!"
-1,"衣服很漂亮，很柔软，穿起来很舒服，而且不会褪色哦，店家的服务态度也不错，发货速度很快。"
-1,宝贝已经收到啦，质量还不错，已经洗过啦！衣服不掉色，效果还不错！
-1,衣服挺好的，无色差，跟图片一样，今天才收到，还没穿，穿了再来评论吧
-1,质量非常好，很喜欢，版型也很喜欢，反正好评！大家喜欢的也可以购买(?????????)
-1,衣服还可以的，面料不怎么样。老婆还蛮喜欢的o
-1,难看死了质量就跟几十块钱的一样而且线头多手感不好
-1,有史以来收到的最差的衣服了！因为是货到付款的！我本人不在同事帮我付款的！收到后衣服根本穿不了！可以说是畸形的衣服不是人穿的！白白浪费一百多块钱！退不了货！差评！差评！差评！
-1,我订的是长袖款确给我发过来的是短袖，我联卖家到目前也没有回复
-1,垃圾，地摊货换了一次给我换了一套别人穿过的。不知道那些好评是怎么得来的？不值这个价，最差的一次网购，
1,就是裤子太宽了其都好  不过我把裤子修了一下
1,衣服不好，起球球，才穿一次好多球球，差评差，差，差。。。
1,衣服款式可以，质量太差了，穿了一次就起球，不行，钱们还是别买了。太生气了。
-1,衣服好看。售后也好，开始我买大了很快就给我换了
-1,宝贝挺喜欢的，穿上刚刚好都穿了好长时间了今天才来评论，，，，好评
1,打开味道很大，试穿了一下.左边库角边内测是提起来的裤角边不齐，右边裤脚边就是标准的了，懒得退了麻烦，希望店家在做工上仔细点，本来还要好几套的，看到这样就算了
1,明显地摊货，掉色不说，做工很差，第一次洗，黑色把白条纹给染色了，很不愉快的一次购物！
1,太刺毛了，洗了八遍，水还是脏的，白色条都染成灰色的了，根本没法穿了！朋友们千万别买，后悔死了！
1,衣服质量不错，只是档部没缝好，穿上很漂亮，洋气，就是客服推荐的码子不合，还是按平时穿的码子下单，快递小哥很热情
-1,超好评，面料舒适，款式好，太喜欢了，这次购了两件衣服都满意，店家服务超好
-1,真是捡到宝了，质量很好，最主要是好看啊，特别显瘦，同事都说很好看。
1,很好看，显瘦高，衣服非常的有质感，这个价钱很值。
-1,衣衣样式不错穿上很舒适的显年轻，大小合适面料不错做工没的挑
-1,面料很好，穿上很合身。做工挺好，款式很潮。卖家服务很好，快递给力
-1,手感舒服，质量很好，做工很讲究，布料很软穿上很舒服，大小合适，不错。
-1,质量不错，挺好的，大小合适，面料好舒服，发货速度也快。
-1,衣衣款式很不错很喜欢，面料很好尺码很合身，穿着很舒服好评
-1,服务非常专业又有耐心，发货很快，无色差，尺码标准。
-1,衣服的质量好，比商场价格便宜好多，客服很耐心的回答，还会再来。
-1,东西终于收到了，还真没让我失望呀，质量没得说，很喜欢！好评。
-1,拿回来打开看让我很惊喜，衣服很好看，质量好，以后就关注你家了。
-1,喜欢的不得了，衣服质量款式都非常好，图案很漂亮。
-1,衣服收到了！真心不错，价格合理，质量还很好，快递哥人也蛮好。。
-1,加油加油。生意欣荣，继续多上些漂亮的好质量的衣服来哈
-1,衣服穿上感觉不错，很修身，很舒服，款式也时尚，质量不错
-1,做工很细致，面料不错，没有色差，现在穿正合适
-1,质量不错，穿起来效果也不错，和图片符合，没有色差，穿起来很舒适
-1,面料不错，款式很有型，穿上有范，挺漂亮的，颜色很好看是我喜欢的，值得购买
-1,"很满意，大小正好合适，穿着不错质量不错，穿着很舒服，质量不错"
-1,衣服穿上感觉不错，很修身，很舒服，款式也时尚，质量不错
-1,服务好，质量不错，下次有机会再来你店买别的衣服。
-1,很喜欢，料子不错，穿上很舒服，质量不错，和图片一样。
-1,终于找到家好店，服务好，质量不错，下次有机会再来买
-1,质量不错，款式和颜色都非常漂亮，做工也很精细
-1,质量不错，款式不错，物流也快！喜欢的朋友赶紧买吧&hellip;&hellip;
-1,买的时候还在犹豫着好不好，买回来之后一打开看之后就觉得找对店铺了
-1,款式和卖家图片一致，上身试穿效果挺漂亮的！面料手感不错
-1,衣服摸起来手感很不错，质量很好，穿上很舒服，果断好评！
-1,质量不错，款式非常好看，喜欢极了，以后还会再来。
-1,款式很好，包装很好，老板人也很好，发货也快，总之太喜欢了。
-1,衣服收到了，非常好看！真心的喜欢！你值得拥有！
-1,YY颜色很漂亮质量也很好，特别是服务很好，很耐心。
-1,衣服质量不错，做工精细，客服很有耐心，值得购买，喜欢，大赞。
-1,质量很好，同事们看到后都说好看，想要买呢。祝店家大卖。
-1,和描述一样！款式质量做工都很好！上身效果非常不错！
-1,东西质量特别好。本人非常喜欢。款式样式都特别喜欢。
-1,特别好 满意 合适 衣服做工面料都特别好，对得起价钱，下次还来
-1,还蛮喜欢店家的服务。衣服的质量又这么好。真心喜欢。
-1,衣服很好，是我想要的类型，长度刚刚好，非常喜欢，值得入手。
-1,上身效果非常好，推荐大家买，尺码不清楚可以问客服，很准确的，良心推荐。
-1,漂亮，喜欢！质量没的说，客服热情，祝生意兴隆！
-1,版型很好，上身效果不错，质量比想象中还要好，穿上很大气，活力四射哈哈。
-1,宝贝和描述一样，做工精细，主要是超显瘦，客服态度好，推荐码数刚好。
-1,衣服收到啦！大爱。款式做工非常好，跟描述一样，上身效果很洋气，很显瘦。
-1,好店家，衣服做工很精美，服务也不错，给好评一个，
-1,早上收到，很喜欢，穿上非常漂亮，下次一定还来
-1,很耐心的店主!到货也很及时，衣服质量好好呢
-1,价格很优惠，服务也很好，款式和面料都不错的，给个好评此次鼓励
-1,很好啊，这衣服这个价位非常值啦，穿上美美的。谢谢老板
-1,嗯，这店主很令人满意。衣服更是令人满意，支持一下。
-1,这套衣服款式和质量都挺好的，非常不错，值得购买哦
-1,"面料特别舒服，款式也好看，大小正好，谢谢客服推荐的尺码."
-1,衣服很漂亮，很时尚，质量也不错。售后服务更不错?非常满意，以后还会继续支持?
1,你们家的衣服质量太差了 刚刚打开就是这样的 以后再也不在网上买东西了
1,质量料子都一般，做工粗糙，收到货后到处是线头。感觉不值，懒得退货，给中评
1,质量太差，根本不值那么钱，和图片上差的太多而且物流又慢
1,质量不是很好，不是纯棉，个人感觉就是晴纶的！不值这个价格！不满意，退货太麻烦，！扔了！
1,不满意，质量差，不值这个价钱，后悔，退货麻烦，扔了
1,"我买了几次衣服，没有一次满意的，这次的质量很差
，我都无语了，不再相信京东"
1,不算满意，和图片的不一样，没有图片上长，我一米六的个子，有一百斤，穿着跟什么似的，太短了，而且我估计120斤的人都能轻松穿进去，短粗短粗的，质量很一般
-1,好好好好好好好好好好好好好好好好好好好好好好好好好好好好好好
1,配送员态度恶劣，如果下次买东西还是韵达快递的话，我就不会买了
1,什么东西，差评差评太差了，第一次买介么差的东西
-1,宝贝不错，孩子很喜欢，大小合适，满意的一次购物。
1,这次购物很不开心，因为出差一个星期后才去拿货，裤子后面包处有洞，腰上松紧带是断开的。，感觉质量好差。
-1,大小合适，衣服质量很好，卖家服务很贴心，物流速度，刚拿回来，就迫不及待的拆开了，试穿了很喜欢，没有异味。
-1,衣服不错 质量挺好的 做工细 很喜欢 店家服务好
-1,没想到这么快就到了，尺寸正好，老板服务热心.
-1,宝贝质量很好，颜色也正，面料不错，穿上很舒服，穿上刚刚好，卖家服务态度好，物流给力
-1,"衣服还可以，手感很好，也无色差，这价钱值了"
-1,质量不错，没有色差，大小合身，面料手感挺好的，卖家服务态度好，物流也挺快的。
-1,衣服不错，质量很好，做工细致，也很厚实，刚好现在穿，给好评，整体来说性价比绝对一流的
-1,很漂亮的衣服，穿在身上很合适，质量也超好，很不错的选择
-1,衣服质量很好，上身效果很不错，穿在身上很舒服，发货速度很快好评
-1,衣服很满意，不会掉色也没有起球，是纯棉的，质量很好！颜色款式都不错，穿起来好好看，别人都喜欢，问我哪里买的，打算再买两套穿
-1,穿起来非常的舒服，而且物超所值，非常实惠，价格超低，质量不错，下次还会买！！！！！
-1,手感和质量都很不错，价格也很合适，值得购买
-1,衣服很修身，款式很不错，老板发货挺快的，下次继续光临！
-1,质量真的很好，穿起来大小很合适，不起球不退色，是个值得信赖的好产品。
-1,衣服不错，样式我很喜欢，质量没问题，值这个钱，老板人不错，服务不错，发货也快
-1,宝贝收到，物流很快，衣服试穿了一下，大小正合适。
-1,很漂亮的一款衣服，在微信，购物里面买到了，虽然有点贵，但是质量还不错，穿到身上正好，运动休闲都可以穿，打底也能穿值了
-1,宝贝收到了，穿过才来评价，质量不错，不起球，不褪色，之前的担心是多余的，很满意的一次网购，好评！
-1,衣服真心不错，颜色艳丽青春，面料透气穿着舒服，大小也合适，非常满意。
-1,衣服真心不错，颜色艳丽青春，面料透气穿着舒服，大小也合适，非常满意。
-1,衣服真心不错，颜色艳丽青春，款式也好看，面料透气穿着舒服，大小也合适，非常满意。
-1,宝贝收到几天了，穿上很合适，摸着质量手感不错，颜色很喜欢，满意。
-1,跟室友一起合买了三套，一人一套，质量很好呢，颜色也好看
-1,衣服收到了，包装完好，质量很好手感柔软，穿着舒服尺码合适，样式颜色好看 ，非常满意。
-1,发货很及时，宝贝和描述的一样质量很好，款式也很漂亮，满意
-1,收到衣服了，衣服质量很好，颜色也很好看，很满意
-1,衣服收到了，颜色非常正，质地柔软，试穿了一下，非常的合身，真是一文价钱一文货，对得起这个价格。
-1,和图片一样，颜色很好看，质量也不错，满意！
-1,和图片一样，颜色很好看，质量也不错，满意！
-1,物流很快，布料手感很好，颜色鲜艳好看，穿起来很漂亮，赞一下！谢谢店家！
-1,衣服质量不错，款式也好看，挺满意，物流也快，赞！五星
-1,衣服质量很好 颜色很靓丽 非常喜欢这个牌子的运动装
-1,做工丶版型都不错，就是水洗时裤子会有些褪色
-1,挺好的，和我想象中的一样&cup;?&omega;?&cup;=皿=(&gt;﹏&lt;)(￣&nabla;￣)。。。。？？？？？。。。。。。。。。。。
-1,衣服收到了，很漂亮，穿上感觉活力十足，颜色搭配很好
-1,非常满意的一次网购！跟我想象的一样好！下次还会来的！
1,上身效果不怎样，裤子洗了褪色，还掉毛毛，不满意
1,味道太大了！一打开特别刺鼻！怀疑我收到了假货？？？尺码也比平时穿的大  看款式好像跟图片差不多啊？快递四天了才到！裤腿特别长！唉！其他买家慎重吧。无语
-1,衣服收到了和图片上的一样，摸着质量也不错，快递也很快
-1,质量非常好，是我在网上购买最满意的一次购物。
-1,多次购买本店铺商品可以说是常客了，非常满意。
-1,多次购买本店铺商品可以说是常客了，非常满意。
1,质量还可以啊，就是掉色严重！整体来说差不多
-1,我们同事一起买了三套都说很好，下次一定再关注。
1,衣服是收到了，可颜色相差太多了，说是灰色，根本就是绿色
1,新衣服上破了个洞，色差差远了，本次消费不满意。
1,太不满意了，衣服还破了个洞，质量太差颜色也不对
1,衣服款式不错。不过面料有点差。特别容易皱，穿一次要烫一次。一分钱一分货吧。
1,衣服不能穿退货了都二十天钱也没打我账户上衣服也退了钱也没了
1,一分钱一分货 颜色没图片上好，质量也一般般，
1,衣服质量太差，全是线头，根本上不了身，看了一眼就放那了，想要退货结果商家说不可以，还说货到付款要满意了再付，那为什么快递员说商家不让打开看那，告诉我们要先给钱了以后才能看，如果不同意再申请退款&hellip;&hellip;为什么现在就不能退了那&hellip;&hellip;
1,质量差，尺码不符，客服态度不好，退换货不明说
-1,衣服质量挺好的，店家服务态度也很好，物流很快
-1,衣服很好看也很喜欢，就是有点小，不过谢谢卖家，下次在光顾
-1,外套很好看、颜色我也很喜欢、很韩国风的感觉、长短合适、也挺百搭的、很实用质量很好很厚实、我非常满意
-1,衣服穿上很舒服很柔软，客服推荐码数也很合适，质量非常好一点线头都没有，非常超值下次还会在光顾
-1,质量挺好，价钱合适，需用的，朋友们赶紧下手吧？家质量衣服非常非常的好，做工特别精细，基本没有线头
-1,老婆说很喜欢，穿这也很漂亮，下次买衣服还来你们这里
-1,衣服真的很棒，本来觉得还有点臃肿，但是换条裤子之后发现它的臃肿可以把我的腿显得很瘦。好评好评，五星好评，然后也特别的暖和，冬天穿着，正合适
-1,衣服没得挑，做工很好，面料很滑，没色差，很厚实，里面可以套好多衣服，冬天不怕冷啦，本人162 93斤 穿上有点大，不过这款本来就是韩范儿的，喜欢的不要错过！
-1,质量特别好，讲真的， 我觉得这衣服真心不错，摸起来真的不错哦，很软很有手感，很暖和，在冬天应该超级舒服的，现在很期待冬天的来到。而且这个拉链也很好，做工这些都很精致，感觉很上档次而且又便宜。真的炒鸡好的 妈妈冬天再也不怕我冷了 极力推荐！
-1,衣服有点大了，不过了还是不错，我妹妹穿，很喜欢，很厚实保暖，质量很好。这个价格合适，灯光原因的色差
-1,好的没话说，便宜不说，质量还那么好，喜欢韩版的蓬蓬的感觉，朋友看到也说好，准备还要买
-1,衣服质量挺好，就是版型的原因袖子太肥了，整体还是比较满意的，衣服非常的厚实，穿上非常保暖，适合身材较瘦的人穿，才能穿出来韩范儿，喜欢的赶紧拍下吧。
-1,衣服和图片差不多，而且也挺适合皮肤暗黄的人穿的，穿上就是那种宽松的款式，而且没想到是蝙蝠的样子，不过个人也喜欢那种韩款的。本人身高1米63体重98，穿着正好。质量更是没的说，跟两三百羽绒差不多，摸着料很软，穿上就暖和了，冬天穿没问题！挺划算的，好评！
-1,这件衣服一定要推荐 ， 特别特别好看便宜， 质量更是没话说， 找不到缺点 去年就看见想买了 ， 今年又看见了，果断买 ，特别的宽松，就是想要这样的效果， 而且特别的厚实 ，冬天少穿几件毛衣都不怕冷，最重要怎么穿都很好看，胳膊那里非常的肥大（好看），非常韩饭，发链接介绍好几个朋友了，真的特别值得购买，良心话&hellip;&hellip;！
-1,衣服和图片差不多，而且也挺适合皮肤暗黄的人穿的，穿上就是那种宽松的款式，而且没想到是蝙蝠的样子，不过个人也喜欢那种韩款的。本人身高1米63体重98，穿着正好。质量更是没的说，跟两三百羽绒差不多，摸着料很软，穿上就暖和了，冬天穿没问题！挺划算的，好评！
-1,超漂亮的面包服～朋友们说我穿上好可爱哈哈哈哈哈 身高167 体重88 买的这个号穿上正好～衣服质量超级棒哟炒鸡保暖～推荐入手么么哒
-1,给老婆买的，也很喜欢，就是不知道是喜欢衣服还是喜欢我给她买的
-1,衣服很不错，很厚，穿上很暖和，特意定了大一号的，穿上特别有感觉，特别漂亮。这个价钱能买到这样的衣服还是很值的。喜欢的就买吧！
-1,很喜欢 而且真的特别厚 10度左右里面只穿一件短袖就ok 而且穿着也很舒服
1,我觉得还是蛮好看的，我买了黑白两套一样大的，但是穿在身上明显感觉黑色的小，所以我建议买大些
-1,衣服收到，穿上很合适，满意，5分好 评，有需要还会光顾。
-1,很舒服，也很有型，物流很快，不错噢，卖家服务态度也好
-1,裤子收到了裤子不错，质量好，服务态度也好，价格实惠不错，
-1,质量不错，很满意，样式也很好。与描述的一样。
1,刚收到，还不错，蝙蝠衫，就是雨季，快递慢了些。
-1,套装款式时尚简洁，穿上显瘦，宽松舒服，靣料好，价格合理。
1,套装价格合理，款式时尚，穿在身上显得个高。物流送货快。
1,一分价钱一分货，做工差点，线头挺多。不过布料挺凉快。
1,色差完全俩个概念，看看就知道，我买的模特生上的颜色，到的且是条纹的而且。。。。。。。。
1,额(⊙o⊙)&hellip;，不想说啥都怪自己没问清楚，我要带弹性的棉布料不是这种
-1,衣服收到就迫不及待的试穿！真的又合身又好看！买的真值呀！放心买吧
-1,不错，挺合身尺码比较准，快递服务很好，款式和图片上的一样，非常满意，给个好评
-1,衣服超级漂亮，穿上有型还舒服，同事们都说好看，赞一个
-1,衣服套装收到了，很喜欢，漂亮，和图片上的一样，物流快快递员服务态度好，以后有合适的再光顾。
-1,衣服收到了，质量还行，就是有色差，没有想象的好
1,衣服收到了，也试穿了一下，挺合身的，衣服质量也不错，做工精细，唯一的缺点就是物流太慢了，让我等的好辛苦，23号上午订单，29号，才送来，
-1,衣服款式很好，面料比较舒服，物流态度那是相当的好，绝杀。
-1,上衣有点短，衣服料子不太软，不过上身还不错，显瘦。赞一个
-1,宝贝质量很好，很漂亮！之前一直想买，赶上特价太值了！朋友都说好看！
-1,商品、好看．漂亮、不过这次物流慢了点。但还是好评
-1,书是正版的，就是有一点小褶皱，不过没问题啦~~下次还会来的
-1,衣服收到了，没有图片上那么好看，还是好评吧
-1,衣服描述与实物完全一致、 做工好 质量好，穿着效果真心好看，显瘦，版型好，颜色比图片新鲜 艳丽 正
-1,简单大方，穿着舒适，修身好看，如店家描述一样
-1,衣服不错哦！和图片上的一样、穿着也特别舒服！好评！
1,很不错，趁着优惠买很划算，喜欢的感觉入手吧
1,刚刚拆开来看，挺失望的一次购物，不是一般的簿！我都不敢穿了，害怕一不小心就破了！衣服、袖子和下摆一共三个颜色
-1,很好的衣服，穿起很合身，商家还送了这些小东西，挺好的，以后还会关注。
1,因为出门，不是本人签收拍了两件只收到一件更别说赠品了
-1,不错的衣服&hellip;&hellip;挺好的～
1,衣服收到了颜色质量都挺好，就是衣服的领口的设计我穿了不怎么好看
1,衣服合适裤子偏小了有点穿不上，要求换货换大一个号的
-1,还好，还担心自己不能穿呢。到货试过发现正好。还送了很多小礼物，让外甥女拿去玩了
1,今天刚收到，质量还行，就是薄点。跟网上照片有点色差！
1,整体不错，也蛮合身的，就颜色没照片那么好看
1,拿到货就这样烂的，联系客服不上，要退又不知道怎退，码数偏小，这间店超烂，还说可以7天无理由退货，骗子，亲们下手可得想好，付分
1,衣服还可以，没有异味&hellip;&hellip;质量也可以
1,衣服还可以，就是衣服褶一太多了，一看就不像好衣服，在就是邮寄太慢
1,套头卫衣还可以，我已经买了最大的，可还是有点小。
-1,衣服整体上感觉效果还不错，穿上大小还合适，期待是一次愉快的购物吧。
1,衣服很漂亮 很有女人味 颜色比图片好像淡点 总体来讲不错
1,货收到，手感好颜色跟图片一样，要加一个大号就好了。
-1,一到就拿来看了，面料不错，麻纱的，还没有试穿不知道上身效果如何，不过挺满意的
1,只能说质量太差了，根本就是一次性的，要买亲们可不要上当了，询问客服到问题重点就直接不在线，想不到京东也有这样的商家，太失败了，差差差，原本退货申请已同意，问到地址又把它撤销，真是醉了，差差差
1,买的别的衣服赠的发箍，手机支架之类的，结果确认收货以后居然赠品变成了这些衣服，我都没买过就让我评价，这刷单也太假啦
1,衣服码数偏小了点儿，我买大一个号的刚刚好，不过快递员服务还是挺好的，就是邮费有点儿贵
1,这个衣服号偏小了，应该定大一个号就好了，给大家个建议，我平时穿m吗的，这个定的L，都有点小，凑合的穿吧，懒的换了
1,不怎么样，洗水后有点缩水，穿身上感觉痒痒的。
1,还没穿就烂了，简直是垃圾衣服。我不是看在他便宜懒得搞那些麻烦事我就退掉了。
-1,还可以，刚收到货回家试了试，大小正好，店主的小礼物也好，以后会继续支持的
1,商品已收到，基本上还是满意，就是发货不怎么快
1,刚合适，挺喜欢的，价格优惠而且送东西，首先衣服我很喜欢，也很凉快
-1,快递很快，跟图片一样，无色差，穿在身上很舒服，店家态度也很好
-1,很好的一家店，服务超级好，而且质量也很棒，还会再来
-1,很漂亮，质量也很好，试了一下，很适合的，码数刚好，满意的购物。
-1,款式很漂亮，颜色也很正，店家服务态度好，物流也给力，非常满意。
-1,"发货还是挺快的，面料和样式都不错，价格很便宜"
-1,衣衣  帮朋友买的 ，朋友非常喜欢下次还来
1,十二万分不满意，色差差十万八千里了，想退吧客服不说话，再也不惜得买京东破衣服了，骗子，价钱还贵还要运费，缺德！！！！这叫灰色啊，你们色盲吧！最气愤的一次购物！这个是鸭蛋皮色吗？！！！！
-1,"老熟客了，东西还是一如既往的好，货真价实，很划算"
-1,衣服还不错&hellip;&hellip;送的东西还多
-1,完全超出期望值，发货速度非常快，包装非常仔细严实
-1,客服服务很好，东西也很便宜！物美价廉不错哦！
-1,真有耐心，我终于买到想要的衣服了，谢谢客服。
-1,我又来你店光顾了，还是和以前一样好！不错哦！
-1,朋友介绍一起买的，收到了，打开看了一下，非常不错哦！和我意想中的一模一样的好！
-1,觉得自己眼光还是不错，收到东西之后，看了一下相当不错哦！而且店家服务还热心！
-1,有你们这样的客服实在太好了，帮我了许多忙，同时还让我了解许多。服务太周到了！太满意了！
-1,发货及时，物流很给力，真是物有所值，不错。下次还会继续光顾
1,物流服务很好，商品也还可以，就是质量差了点
-1,很不错，货真价实，很喜欢。终于找到家好店，服务态度也不错，下次有需要再来选购
-1,店已经收藏了很久，不过是第一次下手。应该说还不错。
-1,网上买东西讲的是诚信，掌柜说道做到！谢谢了
-1,网上购物这么激烈，没想到店家的服务这么好，商品质量好而价低廉，我太感谢你了！
-1,"无意中来到你小铺就淘到心意的宝贝，心情不错"
-1,跟你交易次次都这么成功和开心的..希望我们以后有更多的交易吧...哈哈
-1,发货超快，只是我不在，没能及时签收。赞，赞
-1,非常出乎意料，下次还会来的~ 好卖家，继续关注!
-1,快递很给力，物有所值！比我想象中要好！会继续光顾！
-1,这款是我买过的最好的，质量非常好，版型特别显瘦，我在实体店看过这款真的特别好
1,布料还可以。还不错。很合适，裤子大了点，改小了点，穿上就很合身，还有就是感觉快递真的很慢！
-1,质量很好，也没色差，很好看，很喜欢，特别是包装很好
1,我就照着这个上面说的去买的，谁知道买回来都穿不上，我110斤买的是l码的，太小了根本就没有办法穿，像这样做生意的人怎么能让顾客放心买呀？我找了客服也没有人理我
-1,质量不错，料了软有型，穿起来也很好看，推荐给朋友们，都很喜欢给个好评
-1,非常合适，质量很好。看起来非常不错，做工也不错，女朋友很满意。
-1,大小很合适，质量也不错，店家服务也贴心，赞一下
-1,质量很好。包装没有破损！商家服务态度好发货快，下次还会再买的。
-1,非常好看，穿起来很漂亮，跟卖家描述的一样。老婆非常喜欢。值得拥有。
-1,很漂亮，质量也很好，试了一下，很适合的，码数刚好，满意的购物。
-1,款式很喜欢，上身效果很满意，时尚大气，材质不错，手感很舒服，整体感觉还不错的哦
-1,衣服收到了，无论是从款式还是从质量都没得说，穿在身上显瘦，整个人都有气质，卖家很热情，发货很快
-1,发货速度很快，穿上很舒适，质量也很好，尺码标准，很满意
-1,质量真的不错，穿上很舒服，很开心的一次购物，下次再来
-1,衣服质量很不错，穿上很合适。款式也很漂亮，很满意，卖家发货快，物流也快，赞一个
-1,跟图片一样的，质量很好，很喜欢，很不错。店主很不错，很负责任 以后还会继续来买的！
-1,"衣服收到了跟图片一样没有色差，料子很柔软，妹妹很喜欢，，不错很值"
-1,我很喜欢，店家的服务很好，是个很好的店家。买这款值得的很，价格也很划算
-1,超级好看的衣服，特别喜欢。衣服没有让我失望，比我想像的要好，物超所值了
-1,衣服很不错，太满意了，高端，大气上档次，穿上也很好看，质量也不错，很满意，赞一个。
-1,衣服颜色跟图片一样，手感不错很舒服，很喜欢
-1,卖家服务态度很赞，中间物流出了点问题，也是很及时处理的，快递员也比较负责得帮找快递
-1,挺和身的，颜色也和图片上一样，总的来说挺不错的
1,太小了，今天退货回去换大的。应该不错就是线头太多了，做工不是很细，有待改进吧
-1,不错，很合身，做工也不错，穿上蛮好看的，满意哟
-1,非常合适，面料比还不错，版型也不错，挺喜欢的。没有色差。
1,他X个X本来半星都不想给的，我帮老婆买的，老婆平时就穿XXL的可是这套XXL的衣服却穿不了版型太小，于是我在拿到货后马上和店家联系希望可以帮我换一套大一号的，可是我先后3次和卖家联系对方都不理我根本就是只要收了钱什么都不管，所以我在这里奉劝大家千万不要来这家店买东西了免得你后悔不及。
1,衣服收到了，手感还不错，我拍的灰色，但是色差很大，实物颜色发白，试穿显得肤色很黑！
1,这是第一次洗早上刚穿上还没到一天就这样了！！！商家我都想问问你这样谁还会再光顾你？！
-1,发货很速度，款式不错，穿上很合身，显气质，同事都说好看哦
-1,收到，很喜欢的一款衣服，没色差穿着很合适，挺上档次的，老喜欢了，和描述的一样
-1,衣服穿着很舒服 ，不褪色，不起球，很不错，很显瘦，性价比不错，色彩我很喜欢，很不错的一次购物
1,显示送了五件衣服，还要求晒单，但实际上只收到了一件，也只买了一件，请问是怎么回事
-1,款式很喜欢，质量也不错，整体感觉都很好，支持一下给好评，下次还来
-1,衣服收到了，给朋友买的，朋友说非常好看颜色和图片样，没有色差。
-1,款式很显瘦，颜色也很喜欢，我穿上同事说，很成功的一次购物呢~~
-1,这件衣服超赞的。这样的价格买到这样的 衣服，我也是醉了。
-1,衣服质量很好，跟图片上的一样，大小也很合适，不错
-1,衣服很不错哦，很喜欢。款式很好看，跟图片上一样，没让人失望。
-1,款式很漂亮，颜色也很正，店家服务态度好，物流也给力，非常满意。
1,差评，穿次就坏了，真是浪费钱，，以后都不敢买了。
-1,质量很好，也没色差，很好看，很喜欢，特别是包装很好
-1,穿着挺舒服，好看，很赞，物流也快，店家态度也蛮好的，颜色很不错，喜欢！
-1,真的很不错，收到觉得惊喜，客服建议的码很合适，质量很好下次很来
1,衣服颜色和图片一样，质量太差，穿了一次好几个接线处裂开了，都沒法修补的那种裂口
-1,质量不错，料了软有型，穿起来也很好看，推荐给朋友们，都很喜欢给个好评
-1,物流超快，卫衣也不错买给男朋友姐姐的，很喜欢哦不错不错
-1,很不错啊，比想象的好，很有手感！ 比较满意和描述的一样
-1,朋友介绍一起买的，收到了，打开看了一下，非常不错哦！和我意想中的一模一样的好！
-1,"衣服收到了，很不错的说，包装很精致，和卖家描述的一致，卖家服务态度非常赞"
-1,"发货速度很快，很愉快的一次购物，下次还会再来的，赞一个！！！"
-1,相当的物超所值！和别家的东西一比真是太好了！买过好几家的都不行，买了这个时候收到货之后和之前买的对比了一下真是物有所值啊！良心客服啊！以后有机会还会来继续选购！
-1,衣服收到了，颜色很正，无色差，上身效果很好，质量面料都很好的，客服态度好，有耐心，物流也不错
-1,真的是超级好的卖家，解答疑问不厌其烦，细致认真，关键是东西好，发货超快
-1,"老熟客了，衣服还是一如既往的好，货真价实，很划算"
-1,这家店还好吧。来买过几次了，服务老客户非常周到，以后还常来！
-1,非常出乎意料，下次还会来的~ 好卖家，继续关注!
-1,第二次买了 老板人很好 质量很不错，支持下~
-1,非常合适，面料比还不错，版型也不错，挺喜欢的。没有色差。
1,衣服收到了，就是颜色有色差，没有我想像的好
-1,超级好，我160、120斤，XXL正合适，继续追加绿色的
1,很不错的，很好，穿在身上很舒服。下水洗了一下，不掉色。
-1,惊喜，物超所值，同事大爱，发货快，还会再来。
1,朋友先买的，我看他穿得好才买的，又舒服又凉快，现在这天气真是热死人了，这件衣服不错，卖家服务不错，点赞
1,收到了，比想象中的要好，跟图片描述的一样，手感也特别的棒，穿上以后特别的合适
-1,"买来这个是送人的，她很喜欢.卖家的贴心让我感到很温暖.以后我还会来选的."
1,老板人很好，很耐心！所有问题都解释的清清楚楚！有机会还会光顾的
1,这家店还好吧。来买过几次了，服务老客户非常周到，以后还常来！这家店还好吧。来买过几次了，服务老客户非常周到，以后还常来！
1,货到了，和描述的很相符，好卖家！呵呵，送朋友的，很合适！支持~~~~~~~~~~~~~~卖家好卖家
1,款式和面料都不错的，给个好评此次鼓励很好，态度诚恳，回复及时。早上刚才收到，很是喜欢。下次还有来，介绍朋友来能不能给打个折？
-1,收到了，我超喜欢，做工质地都好得没话说，呵呵，服务态度也超好， 很有心的店家，以后常光顾
-1,东挑西选，头都晕了，还是这家吧，评价也不错
-1,"店主很细心，还送了小礼品给我。很满意， 值了，会多多关注你的店"
-1,卖家人很好，很不错！ 很喜欢这颜色，另外谢谢喽！
-1,很好的卖家。谢谢喽。我的同事们都很喜欢呢。下次再来哦
-1,东西不错，到货很快，包装很好，大小合适，款式不错
-1,很好挺舒服的不错还好不过你们发的颜色不得图片喽我要的灰色寄回的可是浅灰色喽
-1,"帮朋友买的质量很好，跟实体店的一样，价格实惠"
-1,衣服收到了，款式很大方，洋气。穿上很上档次，这个价钱买到真的是很值，我很满意。
-1,质量真心的好，样式好看，穿上如图片一样，同事都赞，太满意了，以后会常来！
-1,衣服款式和面料都好，是我喜欢的。颜色和图片一样没有色差。请妹妹们放心购买。全五分。
-1,衣服很好质量什么的都很好很满意穿起来所有人都说和好看非常愉快的一次购物喜欢的犹豫的别错过了哦
-1,物流也很给力，绝对好评衣服不错，很修身，穿上很漂亮
-1,相当有气质的衣服，穿上可以变女神了，哈哈，对得起这个价，穿上很舒服
-1,和卖家描述的一样，款式可样式都很好看，穿起来有形，质量不错，卖家服务真的是超好的
-1,发货也很速度，款式不错，穿上很合身，显气质，同事都说好看哦
-1,物流公司服务态度很好，运送速度很快，很满意的一次购物
-1,赞一个！发货迅速，和图片完全相符，非常不错
-1,"价格很优惠，服务也很全面周到，非常不错
， 客服服务态度特别好，下次在光顾你的店铺"
-1,店家很讲信誉，而且东西很不错哦，这家店的东东我很满意~
-1,"发货速度挺快的，收到货之后看了一下，非常不错哦！"
-1,不错，质量也还可以。穿起来挺合身。值得信赖！
-1,比预想的还要好很多呢。价格并且非常公道，谢谢老板啦~~~
-1,很不错。性价比高。货真价实。很喜欢。终于找到家好店，服务好，下次有机会再来买
-1,很不错。店家客服服务态度都很好。买了好几次了。
-1,掌柜的服务态度真好，发货很快。商品质量也相当不错。太喜欢了，谢谢！
-1,发货超快，只是我不在，没能及时签收。赞，赞
-1,"老熟客了，东西还是一如既往的好，货真价实，很划算"
-1,性价比很高，这样的价能买到这样的宝贝非常不错。
-1,收到了还可以，东西包装的很好。物流速度也不错，卖家服务很好。
-1,很好的卖家，发货速度快，物流蛮快的，包装也很严实，满意。
-1,衣服很喜欢，颜色无色差很好，较满意，下次还会购买。
1,衣服质量特别差，穿一次就起球，有史以来最差的一次网购
1,你们的图片肯定美图了，收的实物和图片相差甚远，这哪里是灰色，说灰不灰说白不白的，难看死了，穿上跟孝衣一样，再也不买你家衣服了，差劲死了！退货&hellip;
1,啥服务呀，衣服色差太大，料子也不好，说话还没人理
1,唉！真的不想在说什么了，我买的时候看到别人评论  说是发来的不是他们要的那种颜色，以为有了一次意外  不会在有下次，没想到  我买的  又这次出现这种类似的问题，我买的是灰色的  发来的衣服 怎么跟图片的不一样？真的是无语了 。以后还是 多看看人家评论的好，不然后悔莫及啊。
1,地摊货。先买小了，质量还行，于是换货，可换回来的就是地摊货了，邮费不低*，就算了不退了
1,太差了，收到的是废品，一次都没穿，直接丢掉了，
1,最差劲的一次网购，衣服不管是布料还是缝制的接口都是和麻袋一模一样
1,真糟糕，衣服的颜色色差特别大，根本没有图片上那么红，面料也一般，价格相比贵些，还有***！本来是想退货的，但是又联系不上客服，嗨！倒霉，大家别来呢！
1,衣服样式完全与图片不一样，完全是在欺骗消费者，非常生气，可以的话不会给星的
1,挺漂亮，和图片一致，喜欢，很适合我这样腿粗的人
1,边上朋友都买了迷彩，所以我也就想入口一件了，还好，衣服不错，挺喜欢的
-1,衣服大气，穿起来很舒服，很时尚，是我想要的！
-1,拿到家迫不及待的打开看，衣服确实蛮好的，丫头也挺喜欢的
-1,衣服收到了，非常喜欢，比我想象中好看，卖家服务态度非常好，快递也快，祝卖家生意兴隆
-1,舒适，质量挺好的，对的起这个价格，快递也很快，点赞!
1,刚收到商品，晚上洗了，不掉色。做工挺好，是宽松版，号码偏大。和商家介绍照片基本上吻合。
-1,这次购买的商品非常满意，质量不错，朋友都说好看
-1,大家都说好看，我也是这样觉得，质量没话说，绝对好
1,自己看吧、本来是要退贸的，因为觉得麻烦就算了，是买来跑步穿，买这衣服是冲着&ldquo;自营＂两字买的，可没想到会有这种事我也是醉了&hellip;&hellip;
-1,衣服还可以，版型还不错，就是物流有点小慢，这个价位也差不多了。
1,快递速度慢，衣服料子特别不好，超级垃圾，再也不会从这买衣服了，根本就不值**，太坑人了，希望大家以后也不要在这里买衣服
1,衣服不是很理想，袖口上，衣服的边起毛球。一分钱一分货。
-1,尺码合适，样式不错。面料夏天穿正好，我很喜欢
1,就这速度给不了满分，还是京东自营得了，四五天才到
-1,店家货物做工很精美，服务也不错，给好评一个！
-1,质量好，以后还来你家买。很难得的正品，网购以来最满意的了。
-1,宝贝很好，手感很舒服，质量也不错，店家服务态度也很好，大家可以放心选购哦。
-1,挺好挺好，价钱便宜，快递也超快，大小也正合适。
-1,质量非常好，走线整齐，物超所值！很好的款，大爱！！
-1,质量很好，面料也不错，手感好，穿着很舒服，样式也挺好看的，很满意
-1,质量很好很喜欢！划算！喜欢的亲可以下单啦！
-1,挺好挺好，价钱便宜，快递也超快，大小也正合适。
-1,这个价格真的出乎意料，太满意了，质量很好，真的是物有所值啊，好评好评
-1,质量很好，穿着很舒服. 下次还来你们家购买
1,颜色很喜欢，显得皮肤也很白，款式不错，质量完全OK!喜欢，赞！！
-1,收到时很惊喜，比想象中还要好，很好看很喜欢。
-1,宝贝到了以后迫不及待的就穿上试了一下，很合适，而且质量也不错，这个价钱绝对值了
-1,好评，质量不错，大小合适，价廉物美，很满意
-1,衣服的款式比较新潮，质量也不错，价格嘛也合理，所以给好评。
1,宝贝很不错，款式也很新颖，穿在身上比较显的本人身材苗条。
-1,衣服质量蛮不错 很愉快的一次购物 下次再来 赞赞赞
-1,收到了。上身很有感觉哦，衣服质感也很好，尺码很标准。满意
-1,衣服很好，没色差，质量也很好，同事也说好，下次还来你们家
-1,衣服质量不错，和描述十分相符，穿上也很漂亮！
-1,质量非常好，穿起来很显瘦，卖家服务态度不错，推荐的大小合适。
-1,质量挺好的，做工很细致，穿着也舒服，面料也不错， 物美价廉，非常满意。
-1,质量真的不错，没有什么色差，而且版型真的不错
-1,宝贝收到了，快递很快，衣服很漂亮穿着刚刚好，很喜欢
1,质量不错，试穿了一下很大方的，颜色也喜欢哦
-1,超级棒，非常喜欢，很漂亮。很满意且性价比很高
-1,宝贝真的特别好看，穿上之后特别适合。是一次成功的网购。好评！！！
-1,衣服很好看，质量也不错，很适合现在穿，真的是物美价廉哦，穿上很有型
-1,物流很快，质量不错，简单的风格，下次还会光顾。
1,好薄啊，根本就不像商家说的那样，是加厚加绒的，只有一点绒，只能当一件单衣穿就行了，质量一般，而且还不是棉的，被骗也就这一次了。
-1,质量不错，穿上挺好看的。这个价格非常值。以后还来买。
-1,不错哦，蛮合身的，挺喜欢，想买的赶紧啊！！！
-1,质量特别好，这个价钱真的很对的起这个衣服啦！确实不错
-1,不错，质量很好，尺码标准，客服态度很好，很满意
-1,收到了，很不错，穿上很舒服，性价比很好，物美价廉。全5分！
-1,服务不错 商家态度不错 质量不错 相当满意
1,衣服很漂亮！无异味，穿着舒服，颜色很正，很喜欢！物美价廉！
-1,宝贝不错！刚收到了就试穿了，客服很热情，介绍的大小合适
-1,挺好的、质量不错、价格亲民、喜欢快入手吧！
-1,经过我的亲身体验，这家店信誉是相当地不错。宝贝的质量更像钻石一般。太感谢了！
-1,店家很耐心，介绍的很详细。宝贝质量很不错，挺满意的
-1,衣服不错，大小刚好质量也很好。喜欢的朋友可以放心购买。款式我很喜欢
-1,客服态度非常非常好 建议的尺码刚好 穿着很好
-1,质量真好啊！早以超出我的期待， 比我在商场里看 还要好
-1,大小合适，面料舒服，发货速度快，家人很喜欢
-1,老顾客了，还是一如既往地好，快递也给力，这个款式很新颖，希望多出新款式
-1,质量很不错，摸起来手感也很好，这个价格很值得！
1,衣服质量不错，不透，摸着很舒服，是纯棉的，关键是很便宜
-1,衣服大小刚好合适，款式很喜欢，质量很好，手感也不错，很满意的一次购物，还会光顾滴。祝卖家生意兴隆！
-1,宝贝不错质量也挺好这个价值，颜色也好看的，喜欢的就赶快下手把，好评
-1,老顾客了，买了几次，质量一直很好，大小合适，无色差
-1,宝贝超级棒 无色差 质量也不错 穿着舒服 心动的美眉赶快行动吧！
-1,质量很不错哦 ，很喜欢，同事都说好看呢，下次还来这家买
-1,衣服刚好合身，喜欢的颜色，质量还真不错，下次还来大赞！
-1,衣服质量不错，客服推荐的码数很合适。穿上也好看，特别赞。
-1,收到了，大小合适，面料很好，值得购买，客服服务很好
-1,衣服收到了穿起来大小刚刚好布料也不错很舒服，谢谢有合适的下次还会来买！
-1,宝贝收到了，质量不错，大小刚刚好合适，做工精细，客服人也好，快递很快
-1,宝贝质量很好，大小正合适，穿上很舒适款式也很好看赞赞
-1,帮朋友买的，质量还不错，穿着很合身很有气质
-1,衣服已经收到，质量、款式都非常好！诚信经营、质量保证、值得信赖！
-1,质量还可以，挺暖和地，卖家推荐的号码也挺合适，很喜欢
-1,特别漂亮，而且我还很喜欢质量也好尺码也很准确准备给妹妹在哪哪一件
1,同时买两件衣服，都是L号，一个肥大，一个瘦小，不知道你家的衣服怎么这样。太无语了。
1,衣服好像有点短，后面的分叉刚好在屁股上，看着有点搞笑，而且料子也不舒服，不喜欢～～
-1,不错不错，很喜欢，快递服务态度好，客服服务也好。质量不错，不会起球。
1,衣服好看穿着人显瘦我买了大一点想换小一码，我妈他穿了好看我就送给他了
-1,衣服很好，穿着也很漂亮。大小刚合适。就是物流有点慢。
1,衣服不错 黑色那款就是味道好重 洗了几次还有
1,店家服务态度差的没话说了，在也不会买她家的衣服了，就别人要买只要是我认识的我都会劝不要买的
1,同事介绍的我看她穿着很好我就买了确实不错，我觉得非常超值，下次还会来
1,这件衣服质量真的不错，质量很好，穿上很大方得体，配裤子和裙子搭配都非常合适
-1,衣服质量很不错哟，穿起也合身。很喜欢。这个价位商场 是买不到的，不错的店家不错的衣服
-1,衣服挺好的，然后颜色也特别的好看，希望下次还会来他家买衣服了，态度也好，物流也快。
-1,质量没得说，所以一下子买了两件，很喜欢！这个价位还是物超所值的！
-1,衣服质量不错，版型很好，是我喜欢款式。店家服务很好！
-1,质量不错的，这个价格买到这种挺好的！穿着也蛮舒服的
-1,质量不错，大小合适，穿的很舒服，尺码标准，我很满意
-1,穿上很舒服，样子也很时尚，很满意，同事都说很棒，
1,等了一个月才收到～店家这发货速度也真是无语～衣服面料特别容易吸灰～图片上也没看出有这么多黄色绒布翻在外面～总之不是很喜欢
-1,衣服收到了， 款式很不错简单大方， 衣服质量很好。
-1,质量颜色非常好，客服态度很好，客服给我介绍的尺码非常合身，五星好评。
-1,经过我的亲身体验，这家店信誉是相当地不错。宝贝的质量更像钻石一般。太感谢了!
-1,衣服很好，质量也很好，买的特别值得，以后就在他家买啦！快递也特别快，三天就到啦！
-1,太喜欢了，衣服的质量很好，第一次买这个品牌的衣服，很赞，以后会常来的，穿着很合适
-1,喜欢，真的太好了，穿着舒适，质量也好，颜色好，总之没的说
-1,不错不错，质优价廉，样式美观，很喜欢，非常感谢客服的耐心周到的服务，值得推荐，全五分！
-1,服收到了打开感觉很不错 真没想到这么便宜质量又这么好 很值得购买
-1,衣服质量很好，穿上身也还好看，朋友们都说好看，卖家态度也很好。
-1,衣服穿上很合适，样子也很也还行，主要是很合适，谢谢，下次再来光顾。
-1,大小合适，质量非常不错、穿上很舒服&hellip;&hellip;一次开心的网购
-1,衣服穿上感觉不错，款式也时尚，质量不错 ，物流很快 ，大小很合适， 穿起来很舒服 质量真心好
-1,大小合适，质量非常不错、穿上很舒服&hellip;&hellip;一次开心的网购
1,店家态度很好，快递送货过程出现了一些失误，联系店铺客服很友好的帮忙解决，值得点赞！而这款衣服怎么说呢，外观颜色都跟图片一样，大小也合适，就是没想象中的长，原以为下面可以穿打底裤，不够长的话只能配裤子穿了，料子不够柔软也没想象中的有垂感，所以价位上可能有点小贵哦(????????)哦！
-1,衣服还可以，但是还没穿过呢，我们这边的天气都热了
1,衣服收到但没有想象的好，不是棉的，质量很一般，感觉不值这个价位。
1,一百三十九？路边摊的二十五都比你的质量好！坑你妹的不要脸！
-1,客服挺好的，衣服现在在我男朋友那里，还没看见怎么样。
1,不满意，跟图上的不一样，还当不到地摊货。物流慢，过了定的时间。
1,不行，跟说的完全不一样，都是骗人的，质量好差。
1,衣服宽松、裤子是小脚的、一点都不协调、这是什么设计师呀、质量差、退又要运费、算了、将就了、大家看看这是什么鬼质量
1,红色很好看 款式喜欢158 52 kg 穿上很合身
1,喜欢，可惜现在不能穿，太热了，等到秋天的时候就可以穿了。
-1,下单时尺寸选大了 店家售后换货很及时 京东服务很好
-1,一一质量很好，物流就数京东最快啦，一切杠杠滴！
1,还可以～本来以为袖上花纹是印上去的～结果是打补丁的～
1,很暖和 和我之前买的初语一样保暖 衣服很合身 就是领口比我想象中小了一点点 不过还是很满意
-1,颜色比图片稍浅点 穿上身有点显胖 不过衣服质量很好 也够厚 外穿打底都可以 还是比较满意的一次购物 初语衣服还不错
-1,第一次买初语的衣服，质量真心不用说，物有所值！
-1,衣服质量很好 很软 物流快 颜色比图稍浅一点 满分
-1,买的m号的太小了，正在换，不过感觉质量还可以
-1,第一次买初语的衣服，非常喜欢，可爱，时尚，温馨，优雅。质地柔软，品质上乘，合身舒适，美丽大方。支持初语，支持京东。正品，满意，好东西，值得信赖和再次光顾。
-1,质量好，价格便宜。送货快。京东购物值得信赖。
-1,"大小合适  质量也很好  
做工精致   只是颜色没那么亮  很满意的一次购物她"
-1,公司买的，应该还可以吧，还没看到。不过相信京东
-1,面料柔软穿着舒适一如既往的好卫衣认准这牌子
-1,很厚实，质量还可以，就是颜色没有照片中的那么深
-1,客服推荐的M码，感觉有点大了，一下子买了好多件，质量还可以，没有想象中的厚，物流超级给力，比较满意的一次购物！
-1,客服推荐的M码，感觉有点大了，一下子买了好多件，质量还可以，没有想象中的厚，物流超级给力，比较满意的一次购物！
-1,贝宝收到了，还是一如既往满意，一如既往的好！
-1,采购了好多年货，应该还不错吧。还没开封呢送礼的。
1,还可以，不喜欢底边，螺纹针织还带两条杠，本来挺好的衣服看着土气五星给快递小哥态度好，商家发货速度超慢
-1,京东就是不一样，物流速度超快，一如既往的好！
-1,衣服已收到看了蛮好，就是码数偏大了点，快递快赞
-1,衣服收到了，和卖家描述的一样，卖家很好，下次还会再来
-1,衣服质量很好  送货快递员服务态度不错！很满意
-1,颜色还是有差异，遗憾沒有包！不过物流还较快，快递哥态度好！
-1,物流速度快，这次优惠是我购买的，价格非常便宜，质量非常好
1,太坑了吧，怎么掉颜色，自己掉就算了，还把我衬衫染蓝了，可以退货吗！
1,衣服还不错，但因为你们客服的服务态度，让我对京东和你家店铺非常失望
-1,不错，喜欢，比我在*看着便宜，现在京东买东西越来越多了。
-1,还行吧 质感还不错 无色差 也没有异味 我比较喜欢 是一次较愉快的购物 还没有水洗 洗过之后再来追评
1,没有想象中的厚。袖子和领口的图案和原图一样很可爱，总觉得袖口的塑胶图片穿上去怪怪的。记得看清型号买。物流很快！
